Customer_ID,Age,Gender,City,Annual_Income,Total_Spending,Average_Order_Value,Purchase_Frequency,Preferred_Category,Discount_Usage,Days_Since_Last_Purchase,Customer_Lifetime_Months
LUM-1000,41,Female,Dubai,55600.0,2250.01,160.72,14,Skincare,0.35,74,54
LUM-1001,34,Female,Tokyo,99300.0,3993.58,181.53,22,Makeup,0.23,23,48
LUM-1002,43,Non-Binary,Los Angeles,142800.0,5411.68,169.12,32,Bath & Body,0.41,34,7
LUM-1003,52,Female,Los Angeles,150600.0,5810.08,166.0,35,Haircare,0.05,2,31
LUM-1004,33,Male,Tokyo,74000.0,3167.67,137.72,23,Haircare,0.17,23,49
LUM-1005,33,Male,New York,118500.0,4805.75,100.12,48,Fragrance,0.21,5,49
LUM-1006,53,Female,New York,133600.0,4305.66,95.68,45,Haircare,0.24,16,29
LUM-1007,44,Female,Paris,32300.0,1740.45,158.22,11,Fragrance,0.38,13,27
LUM-1008,30,Female,Paris,67100.0,2728.82,143.62,19,Skincare,0.49,19,18
LUM-1009,41,Female,Los Angeles,162700.0,5983.02,166.2,36,Skincare,0.49,29,18
LUM-1010,30,Male,Tokyo,74500.0,3345.78,133.83,25,Skincare,0.18,81,38
LUM-1011,30,Male,Milan,22000.0,1710.05,190.01,9,Makeup,0.11,17,27
LUM-1012,38,Female,Milan,80800.0,3534.7,220.92,16,Makeup,0.05,138,43
LUM-1013,18,Female,Tokyo,124400.0,4698.43,130.51,36,Fragrance,0.13,49,3
LUM-1014,18,Male,Paris,85200.0,3159.2,112.83,28,Haircare,0.25,25,7
LUM-1015,29,Female,Los Angeles,110000.0,3448.13,98.52,35,Haircare,0.29,36,43
LUM-1016,24,Male,Los Angeles,117800.0,4677.75,187.11,25,Skincare,0.33,3,22
LUM-1017,39,Female,Paris,72600.0,3214.7,153.08,21,Bath & Body,0.12,65,7
LUM-1018,26,Female,Milan,66800.0,2807.44,112.3,25,Makeup,0.22,30,38
LUM-1019,20,Female,London,90400.0,3944.12,187.82,21,Makeup,0.32,149,31
LUM-1020,52,Female,London,91200.0,3295.94,106.32,31,Skincare,0.37,35,50
LUM-1021,33,Female,Paris,86900.0,3490.13,174.51,20,Makeup,0.1,62,36
LUM-1022,36,Female,London,88300.0,3515.41,167.4,21,Skincare,0.5,56,50
LUM-1023,20,Female,Dubai,58800.0,2524.97,210.41,12,Fragrance,0.14,14,20
LUM-1024,30,Male,Tokyo,111300.0,4745.88,98.87,48,Haircare,0.23,10,4
LUM-1025,37,Male,Tokyo,106000.0,4178.55,232.14,18,Bath & Body,0.11,19,18
LUM-1026,23,Female,Paris,38200.0,1748.56,194.28,9,Haircare,0.35,22,31
LUM-1027,40,Female,New York,71400.0,2717.99,118.17,23,Haircare,0.05,9,35
LUM-1028,29,Female,Milan,88300.0,3989.07,110.81,36,Fragrance,0.47,78,18
LUM-1029,32,Female,Paris,66300.0,2391.14,149.45,16,Makeup,0.49,27,37
LUM-1030,29,Female,London,107300.0,4089.6,215.24,19,Bath & Body,0.18,134,49
LUM-1031,56,Female,Milan,82700.0,3902.68,229.57,17,Makeup,0.31,58,45
LUM-1032,35,Female,New York,90900.0,3821.97,166.17,23,Haircare,0.41,28,44
LUM-1033,24,Female,London,71000.0,2978.95,229.15,13,Skincare,0.3,102,19
LUM-1034,45,Female,Los Angeles,22000.0,1276.51,79.78,16,Haircare,0.27,24,6
LUM-1035,22,Female,Dubai,22000.0,986.09,89.64,11,Makeup,0.4,76,51
LUM-1036,38,Non-Binary,London,105600.0,4175.44,231.97,18,Haircare,0.32,15,6
LUM-1037,18,Female,Dubai,94300.0,3695.54,217.38,17,Skincare,0.68,16,53
LUM-1038,21,Female,Milan,100400.0,4067.89,156.46,26,Fragrance,0.08,18,27
LUM-1039,38,Female,Dubai,89700.0,3187.63,212.51,15,Makeup,0.42,27,35
LUM-1040,44,Female,Milan,92500.0,3856.86,241.05,16,Haircare,0.37,28,16
LUM-1041,37,Female,Milan,118900.0,4966.49,206.94,24,Makeup,0.42,24,26
LUM-1042,34,Female,Milan,100600.0,3959.85,219.99,18,Fragrance,0.34,12,13
LUM-1043,32,Non-Binary,Milan,121400.0,4943.13,205.96,24,Haircare,0.34,91,27
LUM-1044,19,Female,Milan,91000.0,3778.1,107.95,35,Haircare,0.29,31,30
LUM-1045,28,Female,London,74500.0,2925.18,225.01,13,Makeup,0.31,18,9
LUM-1046,30,Male,Milan,91800.0,3395.44,113.18,30,Makeup,0.34,36,51
LUM-1047,47,Female,London,55700.0,2173.98,241.55,9,Skincare,0.23,51,38
LUM-1048,39,Female,Milan,71700.0,3097.37,154.87,20,Fragrance,0.08,113,12
LUM-1049,18,Female,Dubai,91200.0,3675.16,193.43,19,Skincare,0.49,24,51
LUM-1050,39,Female,Los Angeles,90800.0,4060.53,162.42,25,Haircare,0.25,4,38
LUM-1051,31,Male,Milan,81300.0,3582.76,96.83,37,Makeup,0.3,20,33
LUM-1052,28,Female,New York,36400.0,2010.64,125.66,16,Haircare,0.08,22,21
LUM-1053,42,Female,Milan,107300.0,4334.42,240.8,18,Haircare,0.29,79,20
LUM-1054,47,Female,Milan,114200.0,4208.34,247.55,17,Bath & Body,0.11,17,51
LUM-1055,46,Female,Dubai,142500.0,5585.1,132.98,42,Bath & Body,0.15,107,8
LUM-1056,26,Female,Tokyo,100500.0,4036.66,252.29,16,Haircare,0.49,23,30
LUM-1057,32,Female,Dubai,85100.0,3136.99,224.07,14,Makeup,0.11,127,9
LUM-1058,39,Female,New York,49500.0,2595.48,185.39,14,Haircare,0.3,1,40
LUM-1059,46,Male,Tokyo,137200.0,5632.69,117.35,48,Bath & Body,0.17,80,59
LUM-1060,30,Female,Paris,93700.0,3436.26,229.08,15,Makeup,0.06,93,14
LUM-1061,33,Female,Paris,91800.0,3521.66,176.08,20,Haircare,0.57,113,43
LUM-1062,23,Male,New York,76100.0,2998.51,230.65,13,Fragrance,0.28,1,52
LUM-1063,22,Female,Dubai,73900.0,3269.46,217.96,15,Fragrance,0.06,6,36
LUM-1064,44,Female,London,109100.0,4466.92,223.35,20,Haircare,0.09,37,27
LUM-1065,50,Female,New York,49200.0,2235.32,203.21,11,Makeup,0.52,1,19
LUM-1066,35,Female,Los Angeles,141900.0,5548.66,129.04,43,Haircare,0.42,2,55
LUM-1067,47,Female,Tokyo,134300.0,4814.21,137.55,35,Haircare,0.29,8,35
LUM-1068,39,Non-Binary,Tokyo,72600.0,3155.41,131.48,24,Bath & Body,0.07,25,25
LUM-1069,28,Female,Milan,54800.0,2387.73,82.34,29,Fragrance,0.3,27,11
LUM-1070,39,Female,Paris,22000.0,1066.29,177.72,6,Bath & Body,0.31,1,8
LUM-1071,52,Male,Tokyo,41200.0,1482.25,211.75,7,Bath & Body,0.1,6,4
LUM-1072,35,Female,New York,110500.0,4375.59,230.29,19,Haircare,0.37,24,40
LUM-1073,53,Female,Tokyo,96000.0,3967.09,104.4,38,Bath & Body,0.18,31,11
LUM-1074,18,Female,New York,102300.0,3569.76,169.99,21,Fragrance,0.19,5,5
LUM-1075,45,Non-Binary,London,22000.0,1275.55,79.72,16,Bath & Body,0.27,17,18
LUM-1076,36,Female,Milan,71100.0,3025.17,97.59,31,Fragrance,0.62,82,27
LUM-1077,32,Female,Paris,132900.0,4985.23,103.86,48,Bath & Body,0.27,180,26
LUM-1078,37,Female,Tokyo,81600.0,3469.95,204.11,17,Fragrance,0.49,152,49
LUM-1079,18,Female,New York,40500.0,1877.7,93.88,20,Bath & Body,0.19,74,31
LUM-1080,33,Female,Dubai,81100.0,3423.45,201.38,17,Bath & Body,0.44,17,46
LUM-1081,39,Female,Paris,58000.0,2690.27,122.28,22,Makeup,0.42,40,57
LUM-1082,52,Male,London,96700.0,4044.94,224.72,18,Fragrance,0.49,18,42
LUM-1083,30,Female,New York,85700.0,3804.55,223.8,17,Fragrance,0.06,36,28
LUM-1084,27,Female,Los Angeles,104000.0,4241.5,249.5,17,Fragrance,0.17,12,40
LUM-1085,30,Male,Los Angeles,42400.0,1840.89,230.11,8,Skincare,0.28,32,37
LUM-1086,46,Male,Milan,69300.0,2731.16,248.29,11,Bath & Body,0.53,25,25
LUM-1087,39,Female,Milan,123200.0,4493.01,224.65,20,Fragrance,0.08,1,6
LUM-1088,30,Female,London,37600.0,1861.35,206.82,9,Skincare,0.38,54,44
LUM-1089,41,Female,London,49900.0,2642.89,110.12,24,Makeup,0.27,1,16
LUM-1090,37,Non-Binary,Milan,92000.0,3612.46,124.57,29,Fragrance,0.44,12,55
LUM-1091,46,Male,Tokyo,95000.0,3959.88,116.47,34,Fragrance,0.14,1,58
LUM-1092,28,Female,Tokyo,67900.0,2650.82,176.72,15,Skincare,0.19,16,49
LUM-1093,32,Male,New York,75300.0,3193.94,168.1,19,Bath & Body,0.23,2,41
LUM-1094,31,Female,Dubai,103700.0,4507.3,225.36,20,Makeup,0.04,85,9
LUM-1095,19,Female,New York,114700.0,4720.37,236.02,20,Fragrance,0.41,18,10
LUM-1096,39,Female,Dubai,47600.0,1694.76,154.07,11,Bath & Body,0.29,21,44
LUM-1097,38,Male,London,97800.0,4094.21,163.77,25,Makeup,0.13,15,53
LUM-1098,36,Female,Paris,137900.0,5511.37,250.52,22,Haircare,0.15,34,21
LUM-1099,33,Male,New York,80900.0,3383.55,125.32,27,Haircare,0.2,53,4
LUM-1100,20,Male,New York,47200.0,2352.26,213.84,11,Makeup,0.25,36,49
LUM-1101,31,Female,Dubai,45600.0,1845.95,115.37,16,Skincare,0.23,48,3
LUM-1102,32,Female,London,79400.0,3297.98,194.0,17,Makeup,0.52,82,44
LUM-1103,27,Female,London,121300.0,5078.55,123.87,41,Makeup,0.29,69,40
LUM-1104,34,Female,Los Angeles,83600.0,3731.98,233.25,16,Skincare,0.29,39,56
LUM-1105,40,Female,Dubai,91600.0,3870.41,175.93,22,Skincare,0.17,8,15
LUM-1106,56,Female,London,50100.0,1988.6,110.48,18,Bath & Body,0.54,35,44
LUM-1107,37,Male,Milan,119400.0,4366.86,118.02,37,Bath & Body,0.12,24,46
LUM-1108,38,Female,Tokyo,44900.0,2105.86,161.99,13,Skincare,0.34,44,26
LUM-1109,35,Female,Los Angeles,67300.0,2909.73,242.48,12,Haircare,0.49,62,34
LUM-1110,18,Female,Milan,107000.0,4214.89,210.74,20,Haircare,0.25,47,32
LUM-1111,35,Female,Paris,22000.0,1028.56,171.43,6,Makeup,0.26,65,8
LUM-1112,36,Female,New York,91100.0,3819.59,136.41,28,Fragrance,0.08,2,40
LUM-1113,63,Female,Los Angeles,48600.0,2234.05,171.85,13,Makeup,0.37,1,35
LUM-1114,33,Male,Paris,85600.0,3582.95,210.76,17,Makeup,0.51,10,46
LUM-1115,39,Female,New York,72700.0,3222.53,214.84,15,Fragrance,0.58,80,57
LUM-1116,35,Non-Binary,Tokyo,158700.0,5972.41,135.74,44,Skincare,0.15,60,25
LUM-1117,23,Male,London,71200.0,2845.37,203.24,14,Haircare,0.11,40,12
LUM-1118,48,Female,Milan,149500.0,6064.77,189.52,32,Makeup,0.22,42,59
LUM-1119,44,Male,Dubai,105500.0,3965.29,247.83,16,Fragrance,0.18,45,48
LUM-1120,44,Female,Milan,56900.0,2350.75,235.08,10,Bath & Body,0.08,100,17
LUM-1121,25,Male,Tokyo,96600.0,4251.27,212.56,20,Makeup,0.05,62,25
LUM-1122,51,Female,Paris,74300.0,2936.39,209.74,14,Haircare,0.15,34,58
LUM-1123,20,Male,Dubai,93500.0,3742.91,124.76,30,Skincare,0.12,38,38
LUM-1124,42,Male,London,60000.0,2476.41,225.13,11,Makeup,0.49,8,59
LUM-1125,60,Male,Tokyo,144200.0,5012.03,151.88,33,Makeup,0.09,37,3
LUM-1126,25,Male,Dubai,117400.0,4572.01,127.0,36,Fragrance,0.18,19,10
LUM-1127,29,Female,Tokyo,86100.0,3210.31,145.92,22,Bath & Body,0.08,5,5
LUM-1128,37,Female,Tokyo,145500.0,5668.87,218.03,26,Bath & Body,0.2,57,16
LUM-1129,30,Female,London,87600.0,3897.69,105.34,37,Skincare,0.46,24,19
LUM-1130,18,Female,Los Angeles,123400.0,4154.75,159.8,26,Haircare,0.26,132,36
LUM-1131,36,Female,New York,86300.0,3398.42,161.83,21,Skincare,0.04,11,49
LUM-1132,24,Female,Dubai,98800.0,4093.7,87.1,47,Makeup,0.2,22,8
LUM-1133,41,Non-Binary,London,82100.0,2718.5,113.27,24,Makeup,0.21,20,7
LUM-1134,25,Female,Tokyo,88300.0,3991.38,221.74,18,Bath & Body,0.18,4,48
LUM-1135,53,Male,London,91000.0,3798.97,223.47,17,Haircare,0.45,19,53
LUM-1136,27,Female,Los Angeles,61600.0,2980.96,129.61,23,Fragrance,0.53,11,43
LUM-1137,32,Male,New York,71000.0,2815.82,234.65,12,Haircare,0.55,6,42
LUM-1138,44,Male,Milan,77400.0,3076.0,205.07,15,Makeup,0.28,11,31
LUM-1139,22,Female,Dubai,93000.0,3706.72,148.27,25,Fragrance,0.67,9,37
LUM-1140,38,Female,New York,83900.0,4077.96,203.9,20,Haircare,0.37,46,20
LUM-1141,50,Male,Paris,126100.0,5308.93,241.32,22,Haircare,0.06,1,42
LUM-1142,18,Female,Dubai,114600.0,4550.7,156.92,29,Fragrance,0.27,33,50
LUM-1143,38,Female,New York,78100.0,3309.82,122.59,27,Makeup,0.32,50,32
LUM-1144,38,Female,Tokyo,133400.0,5359.47,243.61,22,Haircare,0.01,22,17
LUM-1145,44,Female,Dubai,150600.0,6488.47,180.24,36,Fragrance,0.16,93,55
LUM-1146,22,Female,Dubai,22000.0,1384.82,98.92,14,Makeup,0.13,43,17
LUM-1147,21,Female,London,117600.0,4629.79,178.07,26,Fragrance,0.06,48,18
LUM-1148,41,Female,Tokyo,60700.0,2522.92,168.19,15,Fragrance,0.31,7,59
LUM-1149,39,Female,Paris,113000.0,4525.47,226.27,20,Haircare,0.07,52,35
LUM-1150,38,Non-Binary,Milan,128300.0,4814.39,171.94,28,Makeup,0.42,62,12
LUM-1151,39,Female,Los Angeles,54300.0,2549.33,121.4,21,Haircare,0.3,15,21
LUM-1152,28,Non-Binary,New York,22000.0,840.22,210.06,4,Skincare,0.34,8,39
LUM-1153,38,Female,London,114200.0,4418.85,169.96,26,Skincare,0.3,17,52
LUM-1154,39,Female,New York,89700.0,3859.89,120.62,32,Makeup,0.25,47,5
LUM-1155,28,Female,Paris,26600.0,1541.74,171.3,9,Fragrance,0.23,18,38
LUM-1156,56,Female,Paris,173500.0,6433.71,221.85,29,Haircare,0.48,46,6
LUM-1157,41,Female,Dubai,106900.0,4171.89,86.91,48,Haircare,0.33,4,13
LUM-1158,22,Female,Los Angeles,108500.0,4608.1,184.32,25,Makeup,0.19,57,43
LUM-1159,43,Female,Paris,132800.0,4784.88,140.73,34,Makeup,0.36,10,35
LUM-1160,25,Female,New York,64700.0,2403.12,126.48,19,Skincare,0.41,10,30
LUM-1161,44,Female,Tokyo,89600.0,3357.11,145.96,23,Bath & Body,0.47,31,34
LUM-1162,48,Female,Tokyo,38800.0,1854.8,142.68,13,Makeup,0.21,2,59
LUM-1163,26,Female,Dubai,63700.0,2322.48,232.25,10,Bath & Body,0.38,1,18
LUM-1164,46,Male,Milan,98500.0,4233.4,128.28,33,Makeup,0.15,10,11
LUM-1165,40,Female,New York,26700.0,1157.21,192.87,6,Fragrance,0.14,27,13
LUM-1166,45,Female,New York,62700.0,2761.81,95.23,29,Fragrance,0.45,83,8
LUM-1167,56,Non-Binary,Paris,52500.0,2163.78,240.42,9,Skincare,0.25,65,51
LUM-1168,33,Female,Los Angeles,90000.0,3630.35,181.52,20,Skincare,0.12,23,29
LUM-1169,27,Female,New York,105100.0,3697.5,205.42,18,Bath & Body,0.2,1,14
LUM-1170,26,Non-Binary,London,111000.0,4685.39,130.15,36,Makeup,0.12,26,24
LUM-1171,27,Female,Milan,120000.0,4411.55,152.12,29,Haircare,0.51,42,42
LUM-1172,35,Female,Paris,133000.0,4835.13,117.93,41,Skincare,0.12,14,50
LUM-1173,39,Female,London,106300.0,4934.2,234.96,21,Haircare,0.57,4,39
LUM-1174,39,Female,Dubai,151100.0,5954.79,160.94,37,Haircare,0.32,11,23
LUM-1175,45,Female,Tokyo,89200.0,3910.72,186.22,21,Makeup,0.26,51,35
LUM-1176,36,Female,Dubai,78900.0,3399.17,199.95,17,Bath & Body,0.18,15,19
LUM-1177,51,Female,Tokyo,106300.0,4084.76,140.85,29,Makeup,0.21,58,58
LUM-1178,33,Female,Dubai,77400.0,2816.95,201.21,14,Skincare,0.35,13,31
LUM-1179,65,Non-Binary,New York,149800.0,5653.35,194.94,29,Haircare,0.27,6,55
LUM-1180,42,Male,London,124600.0,4567.55,198.59,23,Makeup,0.22,20,42
LUM-1181,26,Female,Tokyo,111300.0,4120.07,164.8,25,Makeup,0.32,21,12
LUM-1182,24,Female,Paris,89600.0,3161.04,143.68,22,Makeup,0.13,1,20
LUM-1183,41,Female,London,70700.0,3008.84,115.72,26,Skincare,0.32,4,49
LUM-1184,33,Female,Paris,109500.0,4804.52,218.39,22,Bath & Body,0.24,7,54
LUM-1185,43,Female,London,45600.0,2263.44,188.62,12,Makeup,0.27,4,15
LUM-1186,41,Female,London,138700.0,5322.76,156.55,34,Skincare,0.21,14,29
LUM-1187,35,Male,Dubai,78800.0,3245.83,249.68,13,Haircare,0.2,116,12
LUM-1188,26,Female,Tokyo,95700.0,2935.17,88.94,33,Fragrance,0.08,24,34
LUM-1189,19,Female,Tokyo,53200.0,2234.85,223.48,10,Skincare,0.46,34,43
LUM-1190,31,Female,Los Angeles,110300.0,3932.5,245.78,16,Fragrance,0.53,15,47
LUM-1191,45,Female,London,69100.0,2958.82,227.6,13,Makeup,0.19,13,5
LUM-1192,38,Male,New York,107700.0,4191.51,220.61,19,Makeup,0.17,1,24
LUM-1193,22,Male,New York,111500.0,4141.71,142.82,29,Skincare,0.2,24,29
LUM-1194,37,Male,Paris,62300.0,2714.07,118.0,23,Fragrance,0.42,23,57
LUM-1195,40,Female,Paris,45700.0,2130.48,213.05,10,Makeup,0.21,6,5
LUM-1196,26,Female,Dubai,138600.0,5806.59,131.97,44,Haircare,0.25,50,35
LUM-1197,37,Female,London,78300.0,3446.43,111.18,31,Bath & Body,0.34,23,4
LUM-1198,36,Female,Paris,92900.0,3816.59,212.03,18,Bath & Body,0.21,14,13
LUM-1199,23,Female,Paris,102000.0,3785.75,135.21,28,Makeup,0.37,5,48
LUM-1200,39,Male,Milan,41100.0,1616.47,230.92,7,Fragrance,0.28,28,12
LUM-1201,42,Female,London,101200.0,4221.65,222.19,19,Makeup,0.25,48,41
LUM-1202,47,Female,Dubai,88500.0,3537.48,221.09,16,Fragrance,0.26,11,57
LUM-1203,47,Female,Paris,62500.0,2762.31,212.49,13,Haircare,0.17,8,35
LUM-1204,20,Female,Dubai,44500.0,2350.9,235.09,10,Fragrance,0.38,25,9
LUM-1205,25,Female,Tokyo,106200.0,3763.06,221.36,17,Makeup,0.19,5,17
LUM-1206,41,Non-Binary,Dubai,124500.0,5276.61,181.95,29,Haircare,0.15,38,28
LUM-1207,41,Male,New York,91300.0,3986.31,128.59,31,Skincare,0.07,32,13
LUM-1208,41,Non-Binary,New York,34800.0,1101.67,220.33,5,Bath & Body,0.17,3,40
LUM-1209,70,Female,Dubai,48000.0,2885.93,221.99,13,Makeup,0.06,1,29
LUM-1210,42,Female,New York,69900.0,3042.91,160.15,19,Makeup,0.17,33,56
LUM-1211,48,Female,Tokyo,139800.0,5249.44,109.36,48,Makeup,0.35,12,41
LUM-1212,46,Female,London,76400.0,3329.72,184.98,18,Haircare,0.14,3,9
LUM-1213,43,Male,New York,68600.0,2607.76,89.92,29,Skincare,0.3,49,3
LUM-1214,32,Female,New York,26400.0,1587.84,226.83,7,Fragrance,0.37,13,12
LUM-1215,44,Female,Dubai,62000.0,2431.95,243.2,10,Skincare,0.26,21,23
LUM-1216,27,Female,Tokyo,41800.0,2569.11,111.7,23,Haircare,0.37,9,17
LUM-1217,33,Female,Los Angeles,49900.0,2264.53,188.71,12,Makeup,0.76,34,32
LUM-1218,30,Male,Los Angeles,89200.0,3816.95,95.42,40,Bath & Body,0.45,12,32
LUM-1219,36,Female,Los Angeles,71000.0,2749.18,211.48,13,Makeup,0.49,120,10
LUM-1220,61,Female,Los Angeles,144500.0,5802.45,138.15,42,Fragrance,0.35,42,26
LUM-1221,18,Female,London,122700.0,4790.73,199.61,24,Bath & Body,0.38,5,21
LUM-1222,43,Female,Dubai,63700.0,2305.94,144.12,16,Makeup,0.09,18,5
LUM-1223,18,Male,Dubai,52900.0,2279.87,103.63,22,Bath & Body,0.24,17,57
LUM-1224,30,Male,Milan,133400.0,5748.33,147.39,39,Skincare,0.42,26,17
LUM-1225,47,Non-Binary,Tokyo,143100.0,5766.19,120.13,48,Haircare,0.27,64,38
LUM-1226,36,Male,Los Angeles,22000.0,1156.31,192.72,6,Makeup,0.29,30,8
LUM-1227,24,Female,London,88300.0,3029.75,86.56,35,Fragrance,0.19,2,59
LUM-1228,28,Female,Tokyo,76200.0,2917.25,171.6,17,Skincare,0.18,37,44
LUM-1229,43,Female,Los Angeles,107700.0,3847.56,226.33,17,Makeup,0.43,1,52
LUM-1230,27,Female,London,153000.0,5301.5,220.9,24,Skincare,0.15,52,50
LUM-1231,38,Male,Tokyo,68100.0,3119.18,222.8,14,Fragrance,0.75,38,20
LUM-1232,36,Female,Dubai,22000.0,1288.72,257.74,5,Makeup,0.08,12,40
LUM-1233,28,Male,Dubai,105300.0,4724.03,98.42,48,Fragrance,0.31,12,21
LUM-1234,59,Female,Paris,133600.0,4876.71,101.6,48,Bath & Body,0.2,56,51
LUM-1235,42,Female,New York,74400.0,3103.32,172.41,18,Fragrance,0.19,53,52
LUM-1236,18,Female,Los Angeles,60300.0,2192.25,243.58,9,Bath & Body,0.31,15,32
LUM-1237,38,Male,Milan,69700.0,2761.04,251.0,11,Makeup,0.35,12,15
LUM-1238,28,Female,Tokyo,114800.0,4451.37,92.74,48,Bath & Body,0.02,28,41
LUM-1239,45,Female,Milan,69100.0,2806.1,140.3,20,Makeup,0.26,1,54
LUM-1240,27,Female,Paris,96500.0,3893.56,114.52,34,Makeup,0.2,3,14
LUM-1241,34,Female,New York,86000.0,3801.48,211.19,18,Haircare,0.81,4,36
LUM-1242,41,Female,Tokyo,82400.0,3643.93,191.79,19,Makeup,0.26,7,14
LUM-1243,45,Male,London,109500.0,4101.7,100.04,41,Bath & Body,0.05,25,46
LUM-1244,22,Female,Los Angeles,68200.0,2877.89,159.88,18,Haircare,0.36,170,26
LUM-1245,32,Female,New York,69900.0,3184.73,199.05,16,Haircare,0.55,37,6
LUM-1246,30,Female,Dubai,112900.0,4762.22,216.46,22,Makeup,0.37,2,38
LUM-1247,28,Female,Paris,50500.0,2069.15,82.77,25,Fragrance,0.02,26,52
LUM-1248,55,Female,New York,54200.0,2609.45,237.22,11,Fragrance,0.14,24,50
LUM-1249,40,Female,Los Angeles,40900.0,2030.84,184.62,11,Haircare,0.59,5,16
LUM-1250,22,Female,New York,114700.0,4194.7,220.77,19,Makeup,0.35,88,19
LUM-1251,46,Female,Los Angeles,81300.0,3585.55,224.1,16,Fragrance,0.28,20,51
LUM-1252,59,Non-Binary,Dubai,39000.0,1910.46,112.38,17,Makeup,0.13,180,5
LUM-1253,47,Male,Tokyo,114900.0,3999.08,97.54,41,Makeup,0.14,19,40
LUM-1254,19,Female,London,65600.0,2707.84,208.3,13,Haircare,0.48,32,25
LUM-1255,30,Female,Dubai,54500.0,2419.46,105.19,23,Haircare,0.3,3,15
LUM-1256,49,Female,London,78200.0,3055.25,218.23,14,Skincare,0.35,21,11
LUM-1257,28,Male,Tokyo,136800.0,5656.47,202.02,28,Fragrance,0.13,9,23
LUM-1258,40,Female,New York,71200.0,3371.34,224.76,15,Fragrance,0.57,63,43
LUM-1259,44,Female,London,105100.0,4063.75,131.09,31,Fragrance,0.04,53,10
LUM-1260,25,Female,Paris,110400.0,4216.33,131.76,32,Bath & Body,0.06,60,19
LUM-1261,35,Female,Paris,100500.0,3978.13,198.91,20,Makeup,0.11,45,18
LUM-1262,18,Female,Los Angeles,129500.0,4972.48,103.59,48,Haircare,0.31,62,18
LUM-1263,24,Male,Dubai,60300.0,2432.75,202.73,12,Fragrance,0.36,7,30
LUM-1264,33,Female,Tokyo,48500.0,1084.86,216.97,5,Skincare,0.49,21,53
LUM-1265,22,Female,Los Angeles,47800.0,2699.44,149.97,18,Fragrance,0.26,41,58
LUM-1266,53,Female,Dubai,79900.0,3296.63,206.04,16,Makeup,0.45,35,18
LUM-1267,20,Non-Binary,Dubai,51900.0,2263.01,107.76,21,Makeup,0.17,44,59
LUM-1268,31,Female,Los Angeles,90200.0,3754.55,134.09,28,Haircare,0.16,8,48
LUM-1269,37,Male,Milan,87700.0,3545.48,253.25,14,Bath & Body,0.09,3,54
LUM-1270,51,Female,Dubai,120700.0,4595.41,241.86,19,Haircare,0.56,87,48
LUM-1271,20,Female,Milan,95200.0,3530.31,168.11,21,Fragrance,0.21,28,16
LUM-1272,48,Female,Paris,70400.0,2412.42,241.24,10,Skincare,0.49,5,48
LUM-1273,36,Female,Paris,99400.0,3572.69,170.13,21,Haircare,0.3,55,46
LUM-1274,25,Female,Dubai,48900.0,1876.5,134.04,14,Bath & Body,0.42,86,40
LUM-1275,41,Male,Paris,83700.0,3624.78,124.99,29,Haircare,0.28,6,22
LUM-1276,38,Female,Tokyo,96200.0,4084.39,240.26,17,Makeup,0.53,59,47
LUM-1277,29,Female,Milan,89500.0,3367.96,108.64,31,Fragrance,0.17,94,50
LUM-1278,36,Female,Milan,99500.0,3183.4,176.86,18,Fragrance,0.51,97,43
LUM-1279,31,Non-Binary,Dubai,62500.0,2690.24,179.35,15,Fragrance,0.11,85,36
LUM-1280,37,Male,Paris,125300.0,4759.04,206.91,23,Fragrance,0.73,27,56
LUM-1281,43,Female,London,148800.0,5574.12,163.94,34,Fragrance,0.52,15,31
LUM-1282,53,Non-Binary,Los Angeles,28900.0,1798.28,128.45,14,Fragrance,0.34,1,5
LUM-1283,22,Female,Los Angeles,42500.0,2029.1,106.79,19,Skincare,0.47,2,12
LUM-1284,59,Female,Milan,86500.0,3234.59,190.27,17,Bath & Body,0.28,19,22
LUM-1285,18,Male,Dubai,76000.0,2798.08,199.86,14,Fragrance,0.67,17,4
LUM-1286,34,Male,Dubai,151400.0,5720.22,178.76,32,Bath & Body,0.66,7,29
LUM-1287,42,Female,Tokyo,92700.0,3472.58,204.27,17,Fragrance,0.13,17,34
LUM-1288,39,Female,New York,133700.0,5157.78,107.45,48,Haircare,0.06,6,58
LUM-1289,29,Female,New York,22000.0,1577.84,225.41,7,Fragrance,0.36,66,12
LUM-1290,33,Male,Milan,113500.0,4058.57,176.46,23,Makeup,0.24,12,42
LUM-1291,30,Female,Los Angeles,60000.0,2626.33,101.01,26,Skincare,0.5,31,19
LUM-1292,29,Female,Tokyo,59400.0,2853.51,158.53,18,Haircare,0.5,24,56
LUM-1293,45,Female,Tokyo,76300.0,3144.64,224.62,14,Haircare,0.24,1,35
LUM-1294,39,Female,Tokyo,35100.0,1944.97,243.12,8,Makeup,0.27,99,8
LUM-1295,28,Female,Milan,100500.0,3931.32,126.82,31,Fragrance,0.27,26,41
LUM-1296,45,Male,New York,91700.0,3760.75,197.93,19,Skincare,0.08,13,49
LUM-1297,39,Female,Los Angeles,94300.0,3932.74,95.92,41,Haircare,0.4,6,20
LUM-1298,44,Female,Tokyo,116000.0,4388.4,91.42,48,Skincare,0.24,14,11
LUM-1299,42,Female,Los Angeles,138000.0,5927.2,174.33,34,Haircare,0.23,1,10
LUM-1300,26,Male,Paris,72300.0,3203.77,200.24,16,Fragrance,0.21,15,27
LUM-1301,29,Female,Dubai,101700.0,4450.4,211.92,21,Haircare,0.23,26,33
LUM-1302,44,Female,Dubai,95300.0,4156.81,138.56,30,Haircare,0.33,71,44
LUM-1303,42,Male,Los Angeles,98200.0,4035.19,84.07,48,Bath & Body,0.11,40,6
LUM-1304,35,Male,London,98700.0,4370.24,161.86,27,Fragrance,0.41,4,22
LUM-1305,37,Male,London,140700.0,5480.87,114.18,48,Makeup,0.14,5,30
LUM-1306,50,Male,Milan,68900.0,2692.57,96.16,28,Makeup,0.16,19,42
LUM-1307,29,Female,Milan,31600.0,1610.45,134.2,12,Fragrance,0.5,7,3
LUM-1308,42,Male,Dubai,60600.0,2319.15,154.61,15,Makeup,0.25,1,42
LUM-1309,33,Female,Paris,111500.0,3771.99,125.73,30,Fragrance,0.32,57,57
LUM-1310,33,Male,New York,85800.0,3247.24,180.4,18,Makeup,0.25,1,46
LUM-1311,48,Male,New York,68600.0,2922.86,88.57,33,Bath & Body,0.1,62,25
LUM-1312,45,Male,Milan,47300.0,2474.08,103.09,24,Makeup,0.35,5,59
LUM-1313,44,Female,Paris,92700.0,3487.84,193.77,18,Haircare,0.18,128,49
LUM-1314,50,Female,Milan,107600.0,4569.05,103.84,44,Fragrance,0.14,32,15
LUM-1315,36,Female,New York,95700.0,3486.3,193.68,18,Skincare,0.57,46,18
LUM-1316,43,Non-Binary,Los Angeles,76100.0,2887.64,90.24,32,Skincare,0.4,4,28
LUM-1317,32,Male,Milan,90100.0,4088.25,151.42,27,Fragrance,0.22,69,57
LUM-1318,39,Female,Tokyo,89900.0,3660.79,110.93,33,Bath & Body,0.52,63,33
LUM-1319,34,Female,Los Angeles,91600.0,3653.91,98.75,37,Makeup,0.69,37,52
LUM-1320,37,Female,Milan,43500.0,2093.08,174.42,12,Bath & Body,0.42,24,3
LUM-1321,42,Male,Dubai,91900.0,3354.58,239.61,14,Skincare,0.07,44,19
LUM-1322,26,Male,Milan,69600.0,2836.75,88.65,32,Fragrance,0.25,1,18
LUM-1323,59,Female,Dubai,121400.0,4749.8,153.22,31,Fragrance,0.16,31,57
LUM-1324,24,Female,Paris,89700.0,4008.91,200.45,20,Bath & Body,0.12,65,39
LUM-1325,22,Male,New York,114200.0,3995.87,159.83,25,Bath & Body,0.3,15,54
LUM-1326,48,Male,Los Angeles,74400.0,3632.9,213.7,17,Makeup,0.17,4,55
LUM-1327,44,Female,Los Angeles,75700.0,3112.11,111.15,28,Haircare,0.28,19,12
LUM-1328,42,Female,London,137300.0,4972.33,248.62,20,Haircare,0.45,45,40
LUM-1329,42,Female,London,100300.0,3623.01,144.92,25,Makeup,0.11,3,46
LUM-1330,35,Female,New York,60000.0,2681.94,141.15,19,Haircare,0.4,8,33
LUM-1331,26,Female,London,116400.0,4169.84,231.66,18,Skincare,0.34,5,12
LUM-1332,36,Female,Los Angeles,66300.0,2652.46,176.83,15,Haircare,0.18,55,56
LUM-1333,28,Male,Milan,92900.0,3676.53,167.12,22,Makeup,0.39,2,51
LUM-1334,46,Female,Paris,149300.0,6068.6,202.29,30,Haircare,0.44,40,36
LUM-1335,34,Male,Paris,34900.0,2027.04,184.28,11,Fragrance,0.38,15,53
LUM-1336,26,Female,New York,78800.0,3065.1,109.47,28,Bath & Body,0.37,49,54
LUM-1337,32,Female,London,99300.0,3911.7,195.58,20,Skincare,0.02,116,8
LUM-1338,40,Female,Milan,111800.0,3934.38,103.54,38,Fragrance,0.2,4,30
LUM-1339,29,Female,Paris,41600.0,1344.27,224.04,6,Fragrance,0.29,13,30
LUM-1340,26,Male,Paris,31200.0,1223.28,244.66,5,Makeup,0.18,58,15
LUM-1341,38,Non-Binary,Tokyo,123200.0,5148.93,143.03,36,Bath & Body,0.32,10,43
LUM-1342,38,Female,Tokyo,59800.0,2827.02,157.06,18,Bath & Body,0.21,8,14
LUM-1343,30,Female,Los Angeles,58300.0,2655.53,88.52,30,Skincare,0.2,61,52
LUM-1344,30,Male,Paris,139300.0,4938.21,102.88,48,Makeup,0.13,152,42
LUM-1345,38,Female,New York,87400.0,3345.5,238.96,14,Skincare,0.1,28,59
LUM-1346,20,Female,Dubai,87700.0,3312.15,100.37,33,Haircare,0.13,11,52
LUM-1347,20,Male,Dubai,78700.0,3204.7,152.6,21,Fragrance,0.34,17,59
LUM-1348,28,Female,Milan,42200.0,1908.28,212.03,9,Skincare,0.19,6,57
LUM-1349,33,Female,Paris,108600.0,4000.41,235.32,17,Fragrance,0.26,50,59
LUM-1350,39,Female,Paris,99300.0,4080.27,170.01,24,Makeup,0.17,51,56
LUM-1351,52,Male,Los Angeles,90900.0,3750.18,178.58,21,Haircare,0.48,72,4
LUM-1352,45,Female,Paris,80900.0,3112.85,194.55,16,Makeup,0.11,1,10
LUM-1353,34,Female,New York,74800.0,3209.28,246.87,13,Haircare,0.49,28,44
LUM-1354,35,Male,Tokyo,116900.0,4928.79,182.55,27,Haircare,0.16,8,11
LUM-1355,24,Female,Paris,80100.0,3731.92,177.71,21,Fragrance,0.05,14,58
LUM-1356,35,Male,Paris,82800.0,3545.2,82.45,43,Makeup,0.39,53,52
LUM-1357,32,Female,Los Angeles,103500.0,4260.88,94.69,45,Makeup,0.33,7,10
LUM-1358,39,Non-Binary,London,92300.0,3658.46,174.21,21,Skincare,0.05,35,53
LUM-1359,26,Female,Los Angeles,142500.0,5796.41,241.52,24,Makeup,0.25,37,5
LUM-1360,41,Female,Los Angeles,23400.0,997.89,249.47,4,Skincare,0.4,107,11
LUM-1361,52,Female,New York,95500.0,4116.66,242.16,17,Bath & Body,0.22,52,15
LUM-1362,34,Female,Milan,60300.0,2524.22,168.28,15,Bath & Body,0.11,56,11
LUM-1363,40,Male,Paris,52000.0,2767.28,212.87,13,Bath & Body,0.52,26,33
LUM-1364,43,Non-Binary,Los Angeles,69000.0,3091.46,220.82,14,Makeup,0.13,7,27
LUM-1365,31,Female,Los Angeles,86900.0,3521.14,185.32,19,Makeup,0.42,19,54
LUM-1366,38,Female,London,88500.0,3526.55,135.64,26,Skincare,0.33,27,46
LUM-1367,36,Male,Los Angeles,31900.0,1774.18,161.29,11,Haircare,0.37,39,57
LUM-1368,37,Male,Dubai,66100.0,2956.64,227.43,13,Skincare,0.35,32,47
LUM-1369,27,Female,Milan,94800.0,3698.5,132.09,28,Bath & Body,0.29,17,10
LUM-1370,36,Female,Paris,54300.0,2428.05,242.8,10,Skincare,0.33,10,49
LUM-1371,41,Female,Paris,46000.0,2378.92,118.95,20,Haircare,0.4,6,33
LUM-1372,51,Female,London,22000.0,860.99,215.25,4,Makeup,0.35,41,47
LUM-1373,46,Female,New York,61800.0,2880.76,192.05,15,Skincare,0.29,36,55
LUM-1374,59,Female,Paris,44800.0,2224.36,202.21,11,Bath & Body,0.35,40,47
LUM-1375,27,Female,Dubai,50600.0,2626.99,154.53,17,Bath & Body,0.56,16,33
LUM-1376,45,Male,Paris,75500.0,2927.8,243.98,12,Makeup,0.9,10,19
LUM-1377,38,Female,Dubai,64000.0,2741.71,182.78,15,Skincare,0.19,49,49
LUM-1378,60,Female,Milan,44200.0,2108.52,131.78,16,Haircare,0.5,51,59
LUM-1379,27,Female,Milan,22000.0,1491.64,186.46,8,Makeup,0.59,21,56
LUM-1380,26,Female,Tokyo,95600.0,3974.74,128.22,31,Skincare,0.08,33,21
LUM-1381,29,Female,Tokyo,111300.0,4023.63,129.79,31,Fragrance,0.33,16,5
LUM-1382,18,Female,Dubai,71100.0,3075.81,146.47,21,Bath & Body,0.34,42,48
LUM-1383,30,Female,New York,75700.0,3750.77,220.63,17,Haircare,0.63,63,32
LUM-1384,27,Female,Paris,85100.0,3662.03,166.46,22,Haircare,0.4,40,12
LUM-1385,37,Female,Los Angeles,140300.0,5901.91,196.73,30,Haircare,0.06,25,51
LUM-1386,39,Female,Paris,30100.0,1866.42,143.57,13,Bath & Body,0.46,21,31
LUM-1387,56,Male,Tokyo,70500.0,3376.22,125.05,27,Skincare,0.17,35,42
LUM-1388,46,Female,Los Angeles,24700.0,1457.49,242.92,6,Makeup,0.04,39,20
LUM-1389,29,Male,Dubai,97700.0,4076.05,185.28,22,Skincare,0.65,28,14
LUM-1390,26,Female,Los Angeles,80000.0,3376.66,241.19,14,Makeup,0.18,34,51
LUM-1391,41,Female,Paris,92100.0,3724.8,112.87,33,Haircare,0.04,3,25
LUM-1392,21,Female,Paris,90400.0,3886.66,105.04,37,Skincare,0.27,106,13
LUM-1393,56,Female,New York,119700.0,4533.2,226.66,20,Haircare,0.25,54,11
LUM-1394,48,Male,London,103800.0,4698.61,195.78,24,Fragrance,0.34,16,56
LUM-1395,30,Female,Los Angeles,114100.0,4215.1,110.92,38,Haircare,0.29,28,58
LUM-1396,18,Male,Tokyo,47700.0,2412.92,127.0,19,Haircare,0.09,1,26
LUM-1397,50,Female,Tokyo,126800.0,5351.6,214.06,25,Makeup,0.22,1,27
LUM-1398,34,Female,London,59700.0,2536.51,158.53,16,Fragrance,0.33,10,57
LUM-1399,49,Female,Paris,61700.0,2325.61,193.8,12,Haircare,0.28,40,27
LUM-1400,18,Female,New York,94500.0,4154.16,134.01,31,Haircare,0.13,66,49
LUM-1401,29,Female,New York,95600.0,3907.02,144.7,27,Fragrance,0.6,28,11
LUM-1402,36,Female,Tokyo,47500.0,2406.49,240.65,10,Fragrance,0.29,26,14
LUM-1403,36,Female,New York,78900.0,3228.66,124.18,26,Skincare,0.05,18,13
LUM-1404,31,Female,Milan,137100.0,5818.08,166.23,35,Makeup,0.26,6,51
LUM-1405,42,Male,London,33600.0,1040.9,208.18,5,Fragrance,0.29,4,40
LUM-1406,24,Non-Binary,Paris,137000.0,5407.85,120.17,45,Fragrance,0.67,50,30
LUM-1407,34,Male,Milan,76500.0,3580.02,149.17,24,Bath & Body,0.3,91,10
LUM-1408,37,Female,London,22000.0,1301.6,185.94,7,Fragrance,0.12,21,12
LUM-1409,41,Female,Dubai,37200.0,1892.71,157.73,12,Makeup,0.49,37,27
LUM-1410,43,Female,Los Angeles,51300.0,2165.3,154.66,14,Haircare,0.57,86,49
LUM-1411,23,Male,Tokyo,63200.0,2718.21,143.06,19,Haircare,0.19,3,38
LUM-1412,19,Female,New York,81300.0,2843.94,177.75,16,Haircare,0.03,51,52
LUM-1413,50,Female,Dubai,22000.0,1054.47,175.74,6,Haircare,0.45,33,45
LUM-1414,39,Male,New York,91500.0,3466.47,192.58,18,Bath & Body,0.36,31,11
LUM-1415,27,Female,Milan,48100.0,2384.24,91.7,26,Fragrance,0.13,12,43
LUM-1416,53,Female,Paris,133700.0,5008.09,185.48,27,Haircare,0.75,40,10
LUM-1417,37,Female,Paris,75500.0,2979.76,248.31,12,Skincare,0.46,55,5
LUM-1418,48,Female,Paris,118000.0,4516.62,173.72,26,Haircare,0.11,4,55
LUM-1419,36,Female,New York,123900.0,4611.91,200.52,23,Fragrance,0.59,26,20
LUM-1420,58,Female,Dubai,122900.0,4882.21,174.36,28,Haircare,0.27,3,48
LUM-1421,55,Female,Paris,65200.0,2895.29,222.71,13,Bath & Body,0.14,72,37
LUM-1422,33,Female,Dubai,64700.0,3012.01,231.69,13,Makeup,0.2,24,19
LUM-1423,46,Male,New York,77100.0,3394.33,113.14,30,Makeup,0.09,57,38
LUM-1424,43,Female,Milan,107300.0,4421.33,152.46,29,Fragrance,0.12,16,55
LUM-1425,51,Female,Dubai,67100.0,2749.81,144.73,19,Makeup,0.13,4,30
LUM-1426,25,Female,Milan,80800.0,3210.07,145.91,22,Makeup,0.23,1,52
LUM-1427,43,Male,New York,94600.0,3549.64,101.42,35,Skincare,0.49,11,17
LUM-1428,47,Female,New York,53300.0,2098.73,209.87,10,Fragrance,0.35,9,21
LUM-1429,18,Female,Tokyo,51100.0,2346.78,86.92,27,Fragrance,0.41,28,24
LUM-1430,22,Male,New York,79500.0,3066.68,170.37,18,Makeup,0.31,1,8
LUM-1431,18,Male,New York,84100.0,3884.0,194.2,20,Makeup,0.15,25,49
LUM-1432,33,Female,London,100200.0,3995.75,114.16,35,Makeup,0.44,17,9
LUM-1433,43,Male,Paris,108500.0,4747.92,237.4,20,Bath & Body,0.26,30,46
LUM-1434,52,Female,Tokyo,46500.0,2299.03,229.9,10,Haircare,0.48,42,50
LUM-1435,36,Female,Los Angeles,56600.0,2247.83,160.56,14,Bath & Body,0.39,35,11
LUM-1436,53,Female,Tokyo,51000.0,2266.39,151.09,15,Fragrance,0.3,146,22
LUM-1437,20,Female,Tokyo,134400.0,4701.96,120.56,39,Skincare,0.47,5,39
LUM-1438,18,Male,Los Angeles,80800.0,3385.13,199.13,17,Haircare,0.57,19,13
LUM-1439,35,Female,London,85600.0,3290.27,102.82,32,Skincare,0.12,19,4
LUM-1440,40,Female,Milan,87000.0,3210.96,200.68,16,Fragrance,0.12,18,24
LUM-1441,35,Male,New York,60000.0,3056.64,218.33,14,Fragrance,0.16,38,50
LUM-1442,18,Male,Paris,139700.0,5698.68,118.72,48,Skincare,0.18,23,38
LUM-1443,35,Female,Dubai,99400.0,4279.91,225.26,19,Skincare,0.43,25,7
LUM-1444,21,Female,Los Angeles,86400.0,3758.63,85.42,44,Skincare,0.62,19,9
LUM-1445,43,Female,Milan,46300.0,1750.03,250.0,7,Fragrance,0.07,167,8
LUM-1446,40,Male,Los Angeles,44300.0,1930.36,101.6,19,Makeup,0.29,91,58
LUM-1447,25,Female,New York,74200.0,2995.15,187.2,16,Skincare,0.34,12,24
LUM-1448,30,Non-Binary,London,60500.0,2104.58,123.8,17,Haircare,0.36,4,12
LUM-1449,24,Female,Los Angeles,47600.0,1998.9,222.1,9,Fragrance,0.42,64,48
LUM-1450,35,Female,New York,72000.0,2856.17,168.01,17,Bath & Body,0.41,180,42
LUM-1451,46,Female,New York,77400.0,3246.8,101.46,32,Bath & Body,0.11,12,48
LUM-1452,25,Female,London,90000.0,4409.72,176.39,25,Haircare,0.2,15,48
LUM-1453,41,Female,Tokyo,67400.0,2852.73,150.14,19,Makeup,0.28,99,22
LUM-1454,30,Male,Tokyo,49700.0,2277.45,189.79,12,Skincare,0.65,43,30
LUM-1455,27,Female,Paris,50900.0,2206.44,220.64,10,Fragrance,0.17,12,25
LUM-1456,34,Female,Paris,127500.0,5183.81,148.11,35,Skincare,0.34,30,37
LUM-1457,24,Male,Tokyo,41200.0,1619.82,124.6,13,Fragrance,0.3,101,3
LUM-1458,29,Female,Milan,97700.0,4488.31,93.51,48,Bath & Body,0.35,58,31
LUM-1459,22,Male,Dubai,103200.0,4074.75,177.16,23,Skincare,0.23,47,11
LUM-1460,57,Female,New York,80800.0,3209.44,145.88,22,Haircare,0.32,46,11
LUM-1461,36,Female,Dubai,146900.0,5932.51,144.7,41,Makeup,0.06,6,24
LUM-1462,28,Female,New York,102600.0,3823.72,112.46,34,Haircare,0.17,60,4
LUM-1463,38,Female,Tokyo,149500.0,5948.28,152.52,39,Makeup,0.06,11,18
LUM-1464,34,Male,Paris,62200.0,3098.55,238.35,13,Skincare,0.5,93,42
LUM-1465,33,Female,Milan,62800.0,2625.6,131.28,20,Skincare,0.06,15,8
LUM-1466,42,Female,Paris,103500.0,4738.35,182.24,26,Makeup,0.33,68,57
LUM-1467,44,Female,Dubai,75800.0,3346.29,209.14,16,Bath & Body,0.24,10,15
LUM-1468,30,Female,Paris,144000.0,5737.01,204.89,28,Fragrance,0.17,25,35
LUM-1469,29,Male,Tokyo,97000.0,4304.76,134.52,32,Haircare,0.28,3,21
LUM-1470,32,Female,Milan,48400.0,2683.22,178.88,15,Haircare,0.08,37,17
LUM-1471,18,Female,Dubai,24200.0,1425.55,237.59,6,Haircare,0.42,63,35
LUM-1472,19,Non-Binary,Milan,82300.0,3619.57,82.26,44,Skincare,0.01,44,12
LUM-1473,51,Female,New York,81900.0,3785.4,151.42,25,Haircare,0.53,25,3
LUM-1474,54,Male,Paris,96000.0,3511.46,117.05,30,Fragrance,0.15,1,14
LUM-1475,33,Female,Milan,127400.0,4440.15,148.0,30,Fragrance,0.35,94,45
LUM-1476,42,Female,London,122800.0,4780.73,149.4,32,Makeup,0.39,42,31
LUM-1477,39,Female,Paris,64700.0,2238.45,203.5,11,Skincare,0.22,47,19
LUM-1478,69,Male,New York,39700.0,1795.3,94.49,19,Fragrance,0.27,55,6
LUM-1479,48,Non-Binary,Milan,41800.0,2057.31,171.44,12,Bath & Body,0.15,48,31
LUM-1480,34,Female,Dubai,59200.0,2489.31,177.81,14,Skincare,0.34,20,57
LUM-1481,25,Female,New York,72200.0,2984.52,165.81,18,Skincare,0.47,46,9
LUM-1482,18,Female,London,95700.0,3549.0,208.76,17,Fragrance,0.15,34,46
LUM-1483,38,Female,Milan,57000.0,2731.44,143.76,19,Bath & Body,0.23,67,15
LUM-1484,27,Female,Los Angeles,94800.0,3498.96,233.26,15,Makeup,0.57,56,7
LUM-1485,20,Non-Binary,Los Angeles,97700.0,3288.63,164.43,20,Fragrance,0.52,1,8
LUM-1486,28,Female,Tokyo,90000.0,3587.8,179.39,20,Bath & Body,0.6,16,36
LUM-1487,24,Female,Paris,45500.0,2367.01,215.18,11,Skincare,0.49,1,55
LUM-1488,54,Female,Dubai,101400.0,4072.95,127.28,32,Bath & Body,0.49,3,9
LUM-1489,45,Female,Tokyo,157800.0,5673.56,118.2,48,Skincare,0.3,32,48
LUM-1490,35,Female,Milan,93600.0,3806.59,200.35,19,Fragrance,0.09,72,59
LUM-1491,52,Female,Los Angeles,22000.0,1401.49,155.72,9,Fragrance,0.4,4,56
LUM-1492,36,Male,Los Angeles,128400.0,5021.1,228.23,22,Haircare,0.14,20,30
LUM-1493,26,Female,Los Angeles,60400.0,2534.62,253.46,10,Haircare,0.07,84,48
LUM-1494,52,Female,Milan,164300.0,6396.31,148.75,43,Haircare,0.07,58,12
LUM-1495,41,Female,Los Angeles,89100.0,3096.97,147.47,21,Fragrance,0.09,25,6
LUM-1496,24,Male,New York,26000.0,1141.81,142.73,8,Makeup,0.28,51,5
LUM-1497,33,Male,Milan,22000.0,878.44,146.41,6,Fragrance,0.32,25,27
LUM-1498,26,Female,Dubai,138900.0,5766.02,213.56,27,Bath & Body,0.41,6,25
LUM-1499,20,Female,Tokyo,123700.0,5043.11,210.13,24,Fragrance,0.08,4,29
LUM-1500,46,Female,Dubai,162900.0,6257.04,160.44,39,Fragrance,0.11,7,16
LUM-1501,57,Female,London,85400.0,3053.81,87.25,35,Skincare,0.17,15,40
LUM-1502,20,Female,Los Angeles,83000.0,3628.24,134.38,27,Skincare,0.17,93,34
LUM-1503,42,Female,London,71600.0,3421.96,131.61,26,Skincare,0.61,56,25
LUM-1504,28,Female,Paris,62000.0,2841.45,218.57,13,Fragrance,0.34,19,49
LUM-1505,30,Male,Paris,71300.0,2984.95,96.29,31,Makeup,0.26,23,42
LUM-1506,29,Male,London,92600.0,3930.52,218.36,18,Bath & Body,0.54,10,39
LUM-1507,26,Female,Milan,55500.0,2524.37,194.18,13,Bath & Body,0.16,42,5
LUM-1508,36,Female,Dubai,26600.0,1708.82,213.6,8,Makeup,0.58,56,37
LUM-1509,26,Female,London,90600.0,3942.11,151.62,26,Makeup,0.08,9,15
LUM-1510,38,Female,Paris,54700.0,2348.18,195.68,12,Bath & Body,0.16,1,36
LUM-1511,35,Female,London,22000.0,1071.81,178.64,6,Haircare,0.23,34,26
LUM-1512,33,Female,Milan,104300.0,4030.55,212.13,19,Skincare,0.52,28,3
LUM-1513,26,Female,London,46200.0,2277.76,151.85,15,Skincare,0.29,18,14
LUM-1514,29,Male,Dubai,108200.0,4185.17,160.97,26,Bath & Body,0.14,36,10
LUM-1515,44,Female,Tokyo,107300.0,4030.34,191.92,21,Makeup,0.3,27,21
LUM-1516,41,Female,Milan,94900.0,3821.21,97.98,39,Haircare,0.23,10,11
LUM-1517,25,Male,Paris,172400.0,6795.741250000001,152.58,45,Bath & Body,0.07,17,30
LUM-1518,37,Female,Dubai,80200.0,3347.53,239.11,14,Skincare,0.65,19,16
LUM-1519,44,Female,London,75000.0,3042.13,86.92,35,Fragrance,0.09,74,29
LUM-1520,18,Female,London,108900.0,4407.63,133.56,33,Makeup,0.42,113,20
LUM-1521,41,Female,Tokyo,83100.0,3433.71,132.07,26,Fragrance,0.48,78,44
LUM-1522,28,Male,Paris,125600.0,4315.91,187.65,23,Bath & Body,0.39,44,43
LUM-1523,42,Female,Paris,40600.0,2130.03,96.82,22,Skincare,0.46,30,8
LUM-1524,27,Female,New York,41200.0,2064.24,187.66,11,Haircare,0.27,40,35
LUM-1525,18,Male,Paris,111800.0,4417.85,96.04,46,Fragrance,0.16,97,39
LUM-1526,18,Male,Tokyo,44200.0,2365.71,94.63,25,Haircare,0.2,10,44
LUM-1527,36,Male,Los Angeles,106300.0,4584.4,208.38,22,Skincare,0.14,26,27
LUM-1528,38,Female,New York,98000.0,4169.63,134.5,31,Fragrance,0.1,40,15
LUM-1529,26,Female,New York,60700.0,2369.41,236.94,10,Haircare,0.13,39,56
LUM-1530,43,Non-Binary,London,97900.0,3681.79,85.62,43,Haircare,0.36,10,25
LUM-1531,18,Male,London,41800.0,2298.2,153.21,15,Fragrance,0.38,30,38
LUM-1532,35,Female,Paris,50000.0,1686.83,99.23,17,Skincare,0.14,55,35
LUM-1533,22,Female,New York,76700.0,3139.85,142.72,22,Haircare,0.26,22,23
LUM-1534,28,Female,London,87800.0,3704.95,247.0,15,Bath & Body,0.62,55,36
LUM-1535,36,Male,Tokyo,74400.0,2578.88,234.44,11,Fragrance,0.37,15,58
LUM-1536,26,Female,London,100200.0,4077.3,88.64,46,Makeup,0.25,97,38
LUM-1537,31,Female,Milan,98600.0,4237.33,176.56,24,Makeup,0.27,26,19
LUM-1538,47,Female,Milan,138500.0,4901.83,188.53,26,Skincare,0.08,31,12
LUM-1539,29,Female,London,81700.0,3856.95,116.88,33,Bath & Body,0.42,1,25
LUM-1540,45,Male,New York,126800.0,4635.05,105.34,44,Haircare,0.17,6,46
LUM-1541,23,Female,Los Angeles,117200.0,4774.42,238.72,20,Makeup,0.14,35,4
LUM-1542,41,Male,Los Angeles,165300.0,6260.42,240.79,26,Skincare,0.26,19,37
LUM-1543,51,Non-Binary,New York,80500.0,3338.35,256.8,13,Bath & Body,0.31,24,16
LUM-1544,18,Female,Dubai,70300.0,2575.45,214.62,12,Bath & Body,0.63,2,59
LUM-1545,27,Female,Los Angeles,129000.0,5393.14,192.61,28,Skincare,0.41,62,49
LUM-1546,42,Female,Milan,98500.0,4045.27,139.49,29,Skincare,0.41,53,47
LUM-1547,33,Male,Tokyo,129900.0,5532.75,115.27,48,Haircare,0.17,7,43
LUM-1548,40,Female,New York,110100.0,3976.27,92.47,43,Skincare,0.29,35,4
LUM-1549,29,Female,Paris,22000.0,1215.63,202.6,6,Haircare,0.46,59,21
LUM-1550,36,Male,Milan,98200.0,3999.86,210.52,19,Haircare,0.1,35,18
LUM-1551,34,Female,Tokyo,95900.0,3874.61,215.26,18,Fragrance,0.13,13,45
LUM-1552,48,Male,Tokyo,89700.0,3839.54,239.97,16,Bath & Body,0.49,37,46
LUM-1553,38,Female,New York,80400.0,3255.82,232.56,14,Bath & Body,0.52,8,27
LUM-1554,39,Female,Tokyo,29300.0,2162.11,240.23,9,Bath & Body,0.13,13,3
LUM-1555,31,Female,New York,115600.0,4557.95,119.95,38,Fragrance,0.35,9,4
LUM-1556,30,Male,Los Angeles,98100.0,3068.25,204.55,15,Haircare,0.54,28,50
LUM-1557,31,Female,London,123600.0,4851.26,179.68,27,Haircare,0.23,4,29
LUM-1558,40,Male,Milan,31100.0,1966.94,122.93,16,Skincare,0.27,94,4
LUM-1559,31,Male,Dubai,102700.0,3817.51,254.5,15,Fragrance,0.26,14,32
LUM-1560,39,Female,London,76800.0,2891.97,241.0,12,Skincare,0.25,8,53
LUM-1561,58,Non-Binary,Milan,90000.0,3397.88,102.97,33,Fragrance,0.38,24,12
LUM-1562,45,Female,New York,77200.0,2879.06,84.68,34,Skincare,0.43,11,21
LUM-1563,32,Female,Milan,104000.0,3996.18,199.81,20,Makeup,0.33,26,44
LUM-1564,49,Female,Los Angeles,79300.0,3548.29,186.75,19,Bath & Body,0.08,14,18
LUM-1565,31,Male,New York,48200.0,2644.9,240.45,11,Bath & Body,0.14,4,15
LUM-1566,18,Female,London,88000.0,2852.72,118.86,24,Haircare,0.3,10,50
LUM-1567,24,Female,Paris,77500.0,3098.96,93.91,33,Makeup,0.3,20,52
LUM-1568,18,Female,Paris,82100.0,3464.31,123.73,28,Bath & Body,0.25,1,58
LUM-1569,32,Female,Milan,22000.0,1330.8,83.18,16,Haircare,0.77,51,10
LUM-1570,36,Female,Paris,108900.0,4881.48,101.7,48,Makeup,0.09,34,58
LUM-1571,54,Male,New York,74000.0,2486.79,226.07,11,Bath & Body,0.1,32,52
LUM-1572,39,Male,Tokyo,37800.0,1046.28,149.47,7,Skincare,0.31,27,33
LUM-1573,33,Female,New York,117300.0,5224.16,149.26,35,Fragrance,0.33,31,47
LUM-1574,45,Non-Binary,Tokyo,107300.0,4481.53,93.37,48,Makeup,0.08,95,27
LUM-1575,18,Female,London,73500.0,2901.09,126.13,23,Haircare,0.14,1,41
LUM-1576,38,Non-Binary,Dubai,44700.0,2115.98,211.6,10,Makeup,0.19,1,23
LUM-1577,44,Female,Tokyo,91200.0,3764.97,188.25,20,Haircare,0.66,7,57
LUM-1578,19,Female,Paris,89300.0,3446.84,202.76,17,Makeup,0.61,6,58
LUM-1579,48,Female,New York,117400.0,4651.53,155.05,30,Haircare,0.19,6,59
LUM-1580,39,Male,London,69500.0,3038.94,132.13,23,Bath & Body,0.55,39,52
LUM-1581,31,Female,Paris,126800.0,5542.66,163.02,34,Skincare,0.17,21,40
LUM-1582,42,Female,London,66100.0,3102.54,134.89,23,Bath & Body,0.24,168,43
LUM-1583,60,Female,Dubai,37900.0,2348.3,213.48,11,Skincare,0.62,9,31
LUM-1584,38,Female,Los Angeles,45400.0,1685.93,129.69,13,Bath & Body,0.03,13,8
LUM-1585,38,Female,New York,82800.0,3293.84,193.76,17,Bath & Body,0.29,145,20
LUM-1586,30,Female,Milan,82700.0,3467.17,101.98,34,Makeup,0.35,62,51
LUM-1587,26,Male,New York,96500.0,3301.17,194.19,17,Fragrance,0.11,22,46
LUM-1588,45,Female,Dubai,81800.0,3717.56,232.35,16,Haircare,0.16,28,37
LUM-1589,26,Male,New York,119200.0,4864.66,180.17,27,Haircare,0.08,64,29
LUM-1590,36,Female,Milan,75900.0,3046.35,179.2,17,Haircare,0.31,22,7
LUM-1591,30,Male,Tokyo,22000.0,1215.0,243.0,5,Skincare,0.37,8,9
LUM-1592,41,Male,London,80800.0,3704.16,185.21,20,Haircare,0.12,61,12
LUM-1593,39,Female,Milan,22000.0,1031.37,128.92,8,Haircare,0.04,27,12
LUM-1594,47,Female,Paris,94500.0,4195.76,131.12,32,Makeup,0.08,5,53
LUM-1595,30,Female,Dubai,122000.0,4694.39,204.1,23,Bath & Body,0.46,24,59
LUM-1596,33,Female,Tokyo,50500.0,2494.3,207.86,12,Haircare,0.07,18,30
LUM-1597,25,Male,Paris,134600.0,5237.03,130.93,40,Fragrance,0.37,73,38
LUM-1598,31,Female,Paris,114500.0,5177.46,139.93,37,Haircare,0.19,4,12
LUM-1599,40,Female,Dubai,127200.0,4685.78,246.62,19,Skincare,0.61,72,52
LUM-1600,44,Female,Tokyo,91600.0,3534.02,98.17,36,Skincare,0.4,25,37
LUM-1601,25,Male,Los Angeles,50300.0,1808.66,150.72,12,Skincare,0.37,18,55
LUM-1602,45,Female,Paris,112300.0,4101.47,91.14,45,Haircare,0.7,6,37
LUM-1603,50,Female,Paris,63100.0,2922.44,224.8,13,Makeup,0.36,42,39
LUM-1604,40,Female,Tokyo,89100.0,4098.55,95.32,43,Fragrance,0.2,91,50
LUM-1605,56,Male,New York,79000.0,3512.94,195.16,18,Haircare,0.13,16,22
LUM-1606,27,Female,Paris,124400.0,4852.38,101.09,48,Makeup,0.43,9,15
LUM-1607,22,Female,London,110600.0,4102.92,195.38,21,Makeup,0.07,28,13
LUM-1608,18,Female,Tokyo,82200.0,3646.53,227.91,16,Haircare,0.52,55,47
LUM-1609,52,Female,Paris,22000.0,985.42,140.77,7,Haircare,0.61,1,21
LUM-1610,43,Female,Dubai,62800.0,2293.31,163.81,14,Makeup,0.24,34,30
LUM-1611,35,Male,Milan,109600.0,4243.46,146.33,29,Makeup,0.41,31,40
LUM-1612,39,Female,London,94800.0,3207.82,133.66,24,Makeup,0.14,13,58
LUM-1613,23,Female,Milan,32400.0,1219.58,203.26,6,Haircare,0.21,21,47
LUM-1614,62,Female,Milan,22000.0,1835.8,122.39,15,Makeup,0.57,9,6
LUM-1615,37,Male,Paris,91800.0,3242.96,202.68,16,Skincare,0.31,54,59
LUM-1616,37,Female,London,48000.0,1823.56,113.97,16,Haircare,0.5,35,56
LUM-1617,43,Non-Binary,London,51400.0,2320.55,122.13,19,Skincare,0.3,26,39
LUM-1618,41,Female,New York,108500.0,4334.67,135.46,32,Bath & Body,0.19,17,21
LUM-1619,38,Female,Milan,127100.0,4878.11,180.67,27,Haircare,0.33,12,39
LUM-1620,27,Female,London,58700.0,1953.49,162.79,12,Bath & Body,0.38,60,55
LUM-1621,41,Female,New York,83400.0,3673.55,204.09,18,Makeup,0.49,21,16
LUM-1622,56,Female,Tokyo,82400.0,3251.08,116.11,28,Makeup,0.28,24,33
LUM-1623,50,Female,New York,79300.0,3641.63,80.93,45,Fragrance,0.43,25,30
LUM-1624,53,Female,Dubai,86400.0,3330.55,208.16,16,Makeup,0.26,20,38
LUM-1625,30,Male,Los Angeles,111500.0,4697.25,223.68,21,Bath & Body,0.51,10,46
LUM-1626,25,Female,Paris,61400.0,3037.83,89.35,34,Makeup,0.38,4,40
LUM-1627,34,Male,Tokyo,31600.0,1465.92,183.24,8,Haircare,0.28,3,21
LUM-1628,36,Female,Los Angeles,144200.0,5811.14,145.28,40,Makeup,0.12,49,44
LUM-1629,48,Female,Los Angeles,123100.0,4409.94,210.0,21,Fragrance,0.37,8,3
LUM-1630,18,Female,Tokyo,46400.0,2203.11,220.31,10,Makeup,0.37,2,25
LUM-1631,52,Female,Dubai,89700.0,4006.17,222.56,18,Bath & Body,0.25,55,57
LUM-1632,34,Female,New York,120400.0,4869.55,211.72,23,Bath & Body,0.26,5,30
LUM-1633,31,Female,Paris,111200.0,5113.87,124.73,41,Makeup,0.17,34,50
LUM-1634,24,Female,New York,101200.0,4214.31,221.81,19,Bath & Body,0.26,14,6
LUM-1635,18,Female,London,79000.0,3155.42,175.3,18,Bath & Body,0.65,4,43
LUM-1636,45,Female,New York,145500.0,6444.77,134.27,48,Fragrance,0.27,18,20
LUM-1637,36,Male,Tokyo,92700.0,4234.61,156.84,27,Haircare,0.25,1,51
LUM-1638,21,Male,Paris,67000.0,2364.13,236.41,10,Fragrance,0.06,64,49
LUM-1639,21,Male,New York,115500.0,4307.25,226.7,19,Skincare,0.22,25,53
LUM-1640,32,Male,Paris,88400.0,3282.55,96.55,34,Fragrance,0.21,5,41
LUM-1641,54,Female,Paris,97200.0,4095.69,204.78,20,Makeup,0.43,9,27
LUM-1642,33,Female,London,92100.0,3894.85,216.38,18,Haircare,0.26,20,20
LUM-1643,19,Male,London,102400.0,4253.04,125.09,34,Makeup,0.19,7,8
LUM-1644,33,Female,Tokyo,50800.0,1789.03,162.64,11,Skincare,0.35,10,21
LUM-1645,33,Female,Dubai,34200.0,1505.57,215.08,7,Haircare,0.52,26,55
LUM-1646,18,Female,Los Angeles,135200.0,5187.21,152.56,34,Bath & Body,0.07,62,14
LUM-1647,35,Female,Paris,93700.0,3232.92,97.97,33,Fragrance,0.13,17,27
LUM-1648,33,Female,Dubai,112000.0,4158.45,198.02,21,Makeup,0.27,44,37
LUM-1649,43,Male,Los Angeles,23400.0,1725.93,246.56,7,Skincare,0.15,73,3
LUM-1650,56,Female,Los Angeles,122300.0,4314.28,187.58,23,Bath & Body,0.13,8,7
LUM-1651,48,Female,Tokyo,66700.0,3271.08,218.07,15,Fragrance,0.15,57,3
LUM-1652,33,Non-Binary,Los Angeles,56800.0,2815.34,140.77,20,Bath & Body,0.16,49,10
LUM-1653,23,Female,Los Angeles,82800.0,3310.78,110.36,30,Fragrance,0.46,15,41
LUM-1654,64,Female,Paris,50800.0,2083.34,189.39,11,Haircare,0.09,159,49
LUM-1655,36,Female,Paris,84900.0,3721.05,137.82,27,Bath & Body,0.34,10,45
LUM-1656,36,Male,Milan,80200.0,3070.68,219.33,14,Bath & Body,0.14,10,20
LUM-1657,35,Male,Dubai,122100.0,4552.1,101.16,45,Bath & Body,0.24,51,48
LUM-1658,38,Female,New York,138000.0,5322.84,152.08,35,Haircare,0.25,19,11
LUM-1659,34,Male,London,136900.0,4652.43,145.39,32,Skincare,0.17,14,7
LUM-1660,29,Female,New York,22000.0,835.01,278.34,3,Fragrance,0.37,6,57
LUM-1661,29,Male,Dubai,52300.0,2235.8,106.47,21,Bath & Body,0.49,50,6
LUM-1662,35,Male,London,22000.0,1412.71,83.1,17,Haircare,0.06,54,46
LUM-1663,30,Male,New York,43200.0,1771.53,118.1,15,Skincare,0.19,29,31
LUM-1664,28,Female,Milan,62300.0,2621.22,218.43,12,Fragrance,0.8,110,3
LUM-1665,37,Non-Binary,London,99400.0,3494.96,116.5,30,Haircare,0.13,13,32
LUM-1666,33,Male,Paris,66800.0,3117.75,119.91,26,Fragrance,0.05,8,58
LUM-1667,52,Female,New York,67800.0,2939.02,101.35,29,Bath & Body,0.57,39,47
LUM-1668,18,Male,London,91400.0,3791.56,199.56,19,Skincare,0.17,49,3
LUM-1669,48,Female,Milan,25200.0,1528.48,89.91,17,Haircare,0.22,8,5
LUM-1670,49,Male,Los Angeles,55600.0,2469.44,137.19,18,Skincare,0.05,2,24
LUM-1671,18,Female,London,67400.0,2713.87,129.23,21,Bath & Body,0.27,58,10
LUM-1672,32,Female,London,77900.0,3565.4,178.27,20,Skincare,0.23,131,58
LUM-1673,31,Female,Milan,87700.0,3616.56,200.92,18,Skincare,0.38,36,20
LUM-1674,20,Female,Los Angeles,137500.0,5262.78,169.77,31,Makeup,0.01,11,27
LUM-1675,27,Female,New York,116800.0,4585.4,241.34,19,Skincare,0.1,180,50
LUM-1676,23,Female,Tokyo,58100.0,2524.51,252.45,10,Fragrance,0.19,78,54
LUM-1677,55,Female,New York,75900.0,3103.77,141.08,22,Haircare,0.43,25,22
LUM-1678,46,Female,Los Angeles,73500.0,3206.33,213.76,15,Makeup,0.3,61,33
LUM-1679,49,Female,Dubai,67000.0,2564.24,213.69,12,Haircare,0.14,59,32
LUM-1680,43,Female,Milan,94500.0,3548.66,236.58,15,Haircare,0.3,95,18
LUM-1681,23,Female,New York,22000.0,1437.78,159.75,9,Bath & Body,0.54,64,4
LUM-1682,30,Male,London,115800.0,4509.43,173.44,26,Bath & Body,0.28,36,19
LUM-1683,41,Female,Milan,144300.0,5841.92,149.79,39,Makeup,0.19,32,12
LUM-1684,22,Male,Paris,75600.0,3268.66,217.91,15,Bath & Body,0.66,22,9
LUM-1685,43,Male,Los Angeles,74900.0,2955.71,118.23,25,Bath & Body,0.26,34,44
LUM-1686,33,Female,New York,90500.0,3840.03,120.0,32,Bath & Body,0.24,55,53
LUM-1687,31,Female,Milan,120700.0,5083.66,145.25,35,Haircare,0.08,121,54
LUM-1688,43,Male,New York,73600.0,3210.09,118.89,27,Makeup,0.28,22,11
LUM-1689,40,Female,Milan,117700.0,4819.18,178.49,27,Haircare,0.38,29,56
LUM-1690,32,Female,London,102100.0,4021.97,103.13,39,Fragrance,0.33,20,19
LUM-1691,48,Female,Paris,167700.0,6667.41,138.9,48,Haircare,0.12,38,11
LUM-1692,24,Male,Paris,73500.0,2898.29,241.52,12,Fragrance,0.38,34,11
LUM-1693,42,Female,Dubai,22000.0,1371.56,152.4,9,Skincare,0.27,1,39
LUM-1694,42,Female,Milan,34800.0,2488.85,207.4,12,Skincare,0.32,27,26
LUM-1695,32,Non-Binary,New York,85400.0,3650.66,98.67,37,Fragrance,0.41,3,41
LUM-1696,39,Male,Paris,121000.0,4608.79,121.28,38,Fragrance,0.19,1,13
LUM-1697,22,Female,Los Angeles,62200.0,2550.01,212.5,12,Haircare,0.24,54,10
LUM-1698,46,Female,Paris,76900.0,3170.1,211.34,15,Fragrance,0.3,10,27
LUM-1699,33,Male,Tokyo,109000.0,4570.37,147.43,31,Makeup,0.27,14,48
LUM-1700,30,Female,Tokyo,51200.0,2335.73,233.57,10,Skincare,0.11,2,4
LUM-1701,47,Female,Paris,63600.0,2531.44,230.13,11,Skincare,0.27,6,12
LUM-1702,28,Female,Milan,44100.0,1848.41,231.05,8,Fragrance,0.19,50,55
LUM-1703,20,Male,Dubai,126200.0,4962.61,155.08,32,Bath & Body,0.2,23,26
LUM-1704,18,Female,Paris,139000.0,5377.72,114.42,47,Bath & Body,0.08,74,50
LUM-1705,42,Male,London,29700.0,1675.99,186.22,9,Fragrance,0.08,17,18
LUM-1706,21,Male,New York,80000.0,3575.25,198.62,18,Makeup,0.16,10,21
LUM-1707,55,Female,Dubai,134300.0,6018.71,125.39,48,Bath & Body,0.12,14,33
LUM-1708,18,Female,London,99000.0,3526.39,207.43,17,Fragrance,0.24,43,13
LUM-1709,54,Female,Dubai,67900.0,3082.56,83.31,37,Makeup,0.36,28,8
LUM-1710,38,Female,London,30900.0,1610.99,161.1,10,Makeup,0.03,82,8
LUM-1711,34,Female,New York,125400.0,4335.63,135.49,32,Haircare,0.08,32,34
LUM-1712,30,Male,New York,97600.0,4290.86,204.33,21,Makeup,0.12,23,41
LUM-1713,40,Female,Tokyo,33400.0,1795.35,138.1,13,Bath & Body,0.23,53,50
LUM-1714,35,Male,Milan,126600.0,5170.94,224.82,23,Bath & Body,0.52,103,15
LUM-1715,48,Female,London,29000.0,1005.17,167.53,6,Fragrance,0.27,15,5
LUM-1716,37,Female,Tokyo,77300.0,3139.37,209.29,15,Fragrance,0.09,10,58
LUM-1717,37,Female,London,75700.0,2825.74,256.89,11,Makeup,0.46,33,58
LUM-1718,32,Female,Tokyo,141600.0,6104.93,196.93,31,Skincare,0.22,24,43
LUM-1719,35,Female,New York,75900.0,3499.87,249.99,14,Haircare,0.2,158,58
LUM-1720,39,Female,Dubai,75700.0,2945.21,84.15,35,Skincare,0.31,21,37
LUM-1721,18,Female,Los Angeles,37300.0,1344.51,134.45,10,Makeup,0.69,2,40
LUM-1722,21,Female,Tokyo,62600.0,2749.22,98.19,28,Makeup,0.19,132,59
LUM-1723,44,Female,London,56400.0,2801.73,127.35,22,Skincare,0.08,64,19
LUM-1724,37,Female,London,58200.0,2016.48,224.05,9,Haircare,0.32,6,5
LUM-1725,33,Female,Los Angeles,85200.0,3202.47,86.55,37,Skincare,0.31,82,36
LUM-1726,36,Non-Binary,Milan,22000.0,938.32,156.39,6,Fragrance,0.14,14,14
LUM-1727,39,Female,New York,32100.0,1883.58,171.23,11,Bath & Body,0.53,16,26
LUM-1728,30,Male,London,81100.0,3227.55,179.31,18,Fragrance,0.14,82,8
LUM-1729,27,Female,Paris,89200.0,3523.62,160.16,22,Bath & Body,0.33,26,44
LUM-1730,38,Female,Dubai,76800.0,3240.4,216.03,15,Makeup,0.1,5,13
LUM-1731,25,Female,Tokyo,83600.0,3162.52,102.02,31,Haircare,0.36,16,50
LUM-1732,40,Female,Milan,70700.0,2541.39,133.76,19,Skincare,0.83,44,29
LUM-1733,18,Female,Los Angeles,84400.0,3864.91,184.04,21,Haircare,0.08,6,50
LUM-1734,47,Female,Dubai,100200.0,4445.75,193.29,23,Skincare,0.45,31,26
LUM-1735,41,Female,New York,99900.0,4050.37,150.01,27,Fragrance,0.35,41,20
LUM-1736,38,Female,Milan,60900.0,2707.15,225.6,12,Fragrance,0.27,14,29
LUM-1737,46,Female,Tokyo,117000.0,4973.3,150.71,33,Skincare,0.67,41,56
LUM-1738,54,Non-Binary,Tokyo,90500.0,3714.5,148.58,25,Haircare,0.29,75,57
LUM-1739,47,Female,Los Angeles,128100.0,4857.78,101.2,48,Skincare,0.19,22,58
LUM-1740,18,Female,Paris,135200.0,5243.8,174.79,30,Makeup,0.29,16,43
LUM-1741,21,Female,Los Angeles,34500.0,2125.45,193.22,11,Fragrance,0.21,10,23
LUM-1742,29,Female,New York,54900.0,2437.5,97.5,25,Makeup,0.41,32,53
LUM-1743,36,Female,Milan,113500.0,4271.69,133.49,32,Fragrance,0.27,74,36
LUM-1744,41,Female,Milan,26700.0,1478.6,211.23,7,Fragrance,0.07,13,58
LUM-1745,28,Female,London,134700.0,5411.37,142.4,38,Bath & Body,0.23,17,35
LUM-1746,38,Female,Paris,73000.0,3215.88,119.11,27,Makeup,0.22,18,50
LUM-1747,27,Female,Paris,105100.0,4344.35,197.47,22,Makeup,0.09,28,56
LUM-1748,29,Female,Milan,80900.0,3083.5,114.2,27,Bath & Body,0.56,9,20
LUM-1749,20,Female,Milan,36300.0,2001.53,222.39,9,Haircare,0.22,60,5
LUM-1750,25,Female,Dubai,121900.0,4775.04,99.48,48,Makeup,0.36,12,26
LUM-1751,21,Female,Dubai,178362.5,6631.96,200.97,33,Skincare,0.57,42,3
LUM-1752,25,Male,Dubai,67000.0,3073.65,161.77,19,Bath & Body,0.1,25,8
LUM-1753,47,Female,Paris,73700.0,2943.41,226.42,13,Makeup,0.26,30,21
LUM-1754,25,Female,London,22000.0,797.71,99.71,8,Haircare,0.24,6,24
LUM-1755,64,Female,Tokyo,132300.0,4830.32,193.21,25,Makeup,0.29,46,53
LUM-1756,41,Male,Dubai,116900.0,4537.01,174.5,26,Fragrance,0.18,7,45
LUM-1757,38,Female,London,24300.0,1523.99,169.33,9,Skincare,0.31,4,10
LUM-1758,26,Female,Los Angeles,22000.0,1010.78,168.46,6,Bath & Body,0.46,27,7
LUM-1759,43,Female,New York,22000.0,1197.8,199.63,6,Fragrance,0.29,43,54
LUM-1760,29,Female,Dubai,107600.0,3901.02,243.81,16,Haircare,0.3,1,11
LUM-1761,37,Female,Los Angeles,111100.0,4683.11,97.56,48,Fragrance,0.45,2,49
LUM-1762,64,Female,Tokyo,52700.0,2859.7,84.11,34,Fragrance,0.24,56,23
LUM-1763,34,Male,New York,102500.0,4570.28,217.63,21,Haircare,0.18,57,30
LUM-1764,48,Female,New York,90600.0,3960.49,99.01,40,Fragrance,0.45,9,48
LUM-1765,28,Female,Tokyo,72100.0,3282.25,252.48,13,Bath & Body,0.22,33,6
LUM-1766,35,Non-Binary,Dubai,119000.0,4043.44,183.79,22,Makeup,0.21,20,58
LUM-1767,55,Female,Paris,42800.0,2051.15,186.47,11,Fragrance,0.17,35,26
LUM-1768,29,Female,Tokyo,125200.0,4733.17,112.69,42,Bath & Body,0.13,69,10
LUM-1769,55,Female,Tokyo,59500.0,2846.64,118.61,24,Makeup,0.08,2,54
LUM-1770,43,Female,Tokyo,147400.0,4897.72,195.91,25,Makeup,0.16,52,19
LUM-1771,29,Female,New York,49800.0,2300.89,230.09,10,Fragrance,0.37,23,36
LUM-1772,42,Male,London,72700.0,2980.17,248.35,12,Bath & Body,0.21,29,22
LUM-1773,46,Female,Los Angeles,87100.0,3884.03,114.24,34,Fragrance,0.19,37,18
LUM-1774,42,Female,Paris,86800.0,4002.4,102.63,39,Haircare,0.04,89,12
LUM-1775,18,Female,Dubai,102200.0,3798.35,90.44,42,Makeup,0.09,2,36
LUM-1776,28,Male,Dubai,40000.0,1634.89,233.56,7,Fragrance,0.09,1,45
LUM-1777,33,Non-Binary,Los Angeles,83700.0,3498.65,129.58,27,Makeup,0.43,6,12
LUM-1778,35,Male,London,89800.0,4163.13,86.73,48,Bath & Body,0.37,150,32
LUM-1779,42,Female,Tokyo,66500.0,2845.54,118.56,24,Skincare,0.22,43,32
LUM-1780,37,Female,Paris,99100.0,3584.75,137.88,26,Fragrance,0.17,33,53
LUM-1781,21,Female,Dubai,37900.0,1644.74,234.96,7,Fragrance,0.6,1,27
LUM-1782,40,Female,Los Angeles,73600.0,3136.8,165.09,19,Makeup,0.18,73,59
LUM-1783,42,Female,Milan,58600.0,2623.06,114.05,23,Bath & Body,0.34,58,48
LUM-1784,42,Female,Los Angeles,73700.0,2868.27,136.58,21,Haircare,0.02,38,45
LUM-1785,47,Female,Dubai,135600.0,5058.26,136.71,37,Bath & Body,0.51,14,43
LUM-1786,45,Female,Tokyo,136300.0,4976.03,103.67,48,Fragrance,0.08,2,9
LUM-1787,41,Female,Milan,129500.0,5374.85,111.98,48,Haircare,0.09,30,49
LUM-1788,35,Female,London,68800.0,2657.57,204.43,13,Bath & Body,0.31,44,22
LUM-1789,18,Female,Paris,116800.0,4448.56,101.1,44,Skincare,0.4,3,19
LUM-1790,40,Female,London,88900.0,3463.52,119.43,29,Makeup,0.66,35,5
LUM-1791,38,Female,London,86600.0,3049.21,138.6,22,Bath & Body,0.18,11,49
LUM-1792,38,Male,Los Angeles,82300.0,3121.48,208.1,15,Bath & Body,0.42,50,48
LUM-1793,21,Female,Paris,146500.0,5995.94,181.7,33,Skincare,0.14,27,42
LUM-1794,24,Female,Paris,132800.0,4785.21,199.38,24,Fragrance,0.36,4,38
LUM-1795,47,Female,Dubai,111100.0,4099.41,178.24,23,Makeup,0.57,26,28
LUM-1796,35,Male,Dubai,79000.0,2865.24,191.02,15,Bath & Body,0.39,17,12
LUM-1797,43,Female,Paris,86400.0,3496.82,81.32,43,Haircare,0.46,6,36
LUM-1798,36,Female,Milan,103600.0,4691.64,234.58,20,Bath & Body,0.18,64,16
LUM-1799,36,Female,New York,66700.0,2794.69,99.81,28,Makeup,0.2,1,10
LUM-1800,46,Female,Dubai,117800.0,4643.03,149.78,31,Bath & Body,0.2,13,57
LUM-1801,30,Female,New York,52800.0,2109.37,210.94,10,Skincare,0.27,1,29
LUM-1802,37,Female,Los Angeles,98700.0,3936.01,151.39,26,Bath & Body,0.61,3,12
LUM-1803,30,Male,Milan,22000.0,1638.72,234.1,7,Bath & Body,0.08,12,59
LUM-1804,31,Female,Paris,65700.0,2842.37,157.91,18,Haircare,0.12,1,52
LUM-1805,32,Male,Milan,157700.0,6659.03,229.62,29,Skincare,0.46,31,17
LUM-1806,38,Male,Dubai,121300.0,5123.34,213.47,24,Skincare,0.34,3,39
LUM-1807,30,Female,London,138700.0,5328.61,242.21,22,Bath & Body,0.52,42,24
LUM-1808,49,Male,Los Angeles,61600.0,2624.26,238.57,11,Haircare,0.09,1,47
LUM-1809,26,Female,Paris,88600.0,4090.28,227.24,18,Bath & Body,0.21,2,52
LUM-1810,33,Female,Tokyo,129900.0,5087.7,203.51,25,Bath & Body,0.07,12,33
LUM-1811,31,Female,Los Angeles,107200.0,4674.68,141.66,33,Makeup,0.23,79,4
LUM-1812,51,Female,New York,102800.0,4698.87,97.89,48,Makeup,0.34,35,47
LUM-1813,38,Female,Milan,142100.0,5412.23,200.45,27,Haircare,0.28,51,33
LUM-1814,47,Female,Paris,48600.0,2306.59,256.29,9,Fragrance,0.15,5,16
LUM-1815,19,Female,Los Angeles,78600.0,3545.0,208.53,17,Makeup,0.35,62,12
LUM-1816,38,Female,Milan,23600.0,1556.25,222.32,7,Fragrance,0.17,1,32
LUM-1817,45,Female,Paris,46700.0,2362.65,214.79,11,Skincare,0.43,8,38
LUM-1818,36,Female,Dubai,122600.0,4390.96,107.1,41,Makeup,0.71,33,49
LUM-1819,47,Female,Los Angeles,52900.0,2096.97,123.35,17,Makeup,0.48,16,42
LUM-1820,30,Female,Dubai,110700.0,4225.92,136.32,31,Haircare,0.58,145,17
LUM-1821,51,Male,Los Angeles,143000.0,5869.33,122.28,48,Fragrance,0.33,1,16
LUM-1822,61,Female,Dubai,78800.0,2887.39,180.46,16,Makeup,0.36,180,33
LUM-1823,32,Male,Milan,103200.0,4568.97,240.47,19,Makeup,0.23,34,31
LUM-1824,31,Female,Tokyo,111000.0,4618.95,209.95,22,Haircare,0.26,28,29
LUM-1825,51,Female,Los Angeles,42200.0,2323.27,154.88,15,Haircare,0.24,2,23
LUM-1826,53,Female,Los Angeles,63400.0,2440.14,81.34,30,Fragrance,0.45,11,11
LUM-1827,30,Female,Dubai,49900.0,2268.19,133.42,17,Skincare,0.23,90,22
LUM-1828,31,Female,Paris,66200.0,2906.68,170.98,17,Skincare,0.12,15,37
LUM-1829,32,Male,Los Angeles,110100.0,4429.99,134.24,33,Bath & Body,0.22,37,17
LUM-1830,21,Female,Dubai,64200.0,2835.7,97.78,29,Makeup,0.27,180,26
LUM-1831,25,Male,London,83800.0,3350.04,152.27,22,Fragrance,0.75,10,51
LUM-1832,24,Male,Dubai,48500.0,2238.06,124.34,18,Makeup,0.21,30,59
LUM-1833,27,Male,Milan,127900.0,5286.57,229.85,23,Fragrance,0.19,41,18
LUM-1834,35,Male,Tokyo,65900.0,2456.55,98.26,25,Fragrance,0.62,6,38
LUM-1835,38,Female,London,138300.0,5804.62,120.93,48,Fragrance,0.15,5,13
LUM-1836,53,Female,Milan,87100.0,3843.07,80.06,48,Makeup,0.16,21,59
LUM-1837,25,Female,Milan,35800.0,1463.44,133.04,11,Haircare,0.47,17,10
LUM-1838,46,Female,Milan,79000.0,3380.15,187.79,18,Makeup,0.17,43,5
LUM-1839,33,Female,Paris,47800.0,2443.45,203.62,12,Fragrance,0.45,2,21
LUM-1840,35,Female,Milan,105600.0,3825.41,159.39,24,Bath & Body,0.3,125,48
LUM-1841,43,Female,Paris,75900.0,3169.09,198.07,16,Skincare,0.23,1,43
LUM-1842,23,Female,Milan,90700.0,3650.95,140.42,26,Fragrance,0.56,32,5
LUM-1843,40,Female,New York,72100.0,2829.83,188.66,15,Bath & Body,0.18,28,38
LUM-1844,37,Female,London,65600.0,2823.71,88.24,32,Haircare,0.43,5,27
LUM-1845,41,Female,New York,50900.0,2101.41,150.1,14,Fragrance,0.05,5,38
LUM-1846,39,Male,Milan,114300.0,4912.79,213.6,23,Bath & Body,0.23,55,13
LUM-1847,63,Female,London,78900.0,3073.51,219.54,14,Fragrance,0.16,76,53
LUM-1848,28,Female,London,74000.0,3327.59,207.97,16,Makeup,0.38,11,18
LUM-1849,30,Female,Los Angeles,78100.0,2736.88,114.04,24,Bath & Body,0.17,20,57
LUM-1850,29,Female,Tokyo,61200.0,2593.46,123.5,21,Makeup,0.16,15,56
LUM-1851,29,Female,New York,74100.0,3097.19,258.1,12,Makeup,0.15,2,19
LUM-1852,28,Female,Tokyo,92200.0,3668.71,96.54,38,Bath & Body,0.1,39,44
LUM-1853,49,Female,London,48800.0,2089.1,109.95,19,Skincare,0.06,61,26
LUM-1854,51,Female,Paris,53900.0,2186.25,104.11,21,Bath & Body,0.13,12,19
LUM-1855,29,Female,London,133200.0,5388.36,134.71,40,Skincare,0.37,161,50
LUM-1856,26,Female,Tokyo,72300.0,3330.34,114.84,29,Fragrance,0.24,2,22
LUM-1857,41,Female,New York,65700.0,2774.85,163.23,17,Fragrance,0.62,37,24
LUM-1858,29,Female,Milan,38000.0,1501.01,166.78,9,Bath & Body,0.17,20,8
LUM-1859,42,Female,Los Angeles,114800.0,5056.18,229.83,22,Fragrance,0.36,20,9
LUM-1860,38,Non-Binary,Los Angeles,48000.0,1916.06,87.09,22,Haircare,0.12,21,16
LUM-1861,19,Female,Los Angeles,84500.0,3019.67,137.26,22,Makeup,0.68,10,13
LUM-1862,53,Female,Milan,25200.0,778.21,194.55,4,Makeup,0.22,44,14
LUM-1863,55,Female,Los Angeles,113600.0,4505.84,180.23,25,Skincare,0.1,44,48
LUM-1864,29,Female,New York,126200.0,4851.78,161.73,30,Fragrance,0.22,11,7
LUM-1865,31,Female,Milan,102000.0,4379.29,218.96,20,Skincare,0.29,63,7
LUM-1866,39,Female,Los Angeles,31300.0,1778.83,88.94,20,Makeup,0.42,13,22
LUM-1867,39,Non-Binary,Milan,114400.0,4591.06,218.62,21,Makeup,0.4,45,56
LUM-1868,43,Female,Tokyo,56000.0,2378.59,169.9,14,Fragrance,0.03,4,57
LUM-1869,58,Female,New York,44000.0,2372.99,103.17,23,Haircare,0.75,6,17
LUM-1870,34,Female,Dubai,71600.0,3566.22,237.75,15,Haircare,0.12,13,28
LUM-1871,27,Female,Paris,70900.0,3284.19,193.19,17,Fragrance,0.32,31,35
LUM-1872,20,Female,Los Angeles,67300.0,2716.44,108.66,25,Fragrance,0.57,36,59
LUM-1873,27,Female,Paris,129600.0,5270.47,109.8,48,Skincare,0.12,17,32
LUM-1874,35,Male,Milan,155400.0,5818.37,121.22,48,Fragrance,0.48,2,26
LUM-1875,55,Female,Paris,37100.0,1466.98,183.37,8,Haircare,0.38,16,25
LUM-1876,30,Female,New York,60900.0,2361.79,112.47,21,Fragrance,0.27,40,11
LUM-1877,38,Male,New York,90000.0,3542.55,118.08,30,Skincare,0.26,38,5
LUM-1878,35,Female,London,71400.0,3030.19,84.17,36,Skincare,0.13,6,38
LUM-1879,49,Non-Binary,Los Angeles,99000.0,4583.17,199.27,23,Skincare,0.11,1,50
LUM-1880,63,Female,London,117100.0,4333.99,216.7,20,Skincare,0.47,48,9
LUM-1881,30,Male,Paris,111200.0,4789.05,217.68,22,Bath & Body,0.08,3,24
LUM-1882,30,Female,Dubai,106300.0,4125.32,100.62,41,Fragrance,0.11,3,16
LUM-1883,47,Male,London,143100.0,4903.58,233.5,21,Makeup,0.39,1,50
LUM-1884,43,Non-Binary,London,29400.0,1377.28,196.75,7,Fragrance,0.06,19,31
LUM-1885,56,Female,New York,136800.0,5641.01,235.04,24,Bath & Body,0.29,24,52
LUM-1886,42,Non-Binary,Dubai,70500.0,3070.9,153.55,20,Skincare,0.22,35,18
LUM-1887,32,Female,Milan,112500.0,4558.84,151.96,30,Bath & Body,0.19,12,50
LUM-1888,42,Female,Paris,49000.0,2613.55,217.8,12,Haircare,0.41,43,36
LUM-1889,48,Female,London,53200.0,2051.1,97.67,21,Haircare,0.04,6,12
LUM-1890,45,Female,Dubai,108200.0,3971.47,165.48,24,Fragrance,0.15,62,9
LUM-1891,41,Female,Los Angeles,22000.0,590.88,196.96,3,Fragrance,0.57,29,27
LUM-1892,47,Female,Dubai,119600.0,4949.12,224.96,22,Makeup,0.5,30,29
LUM-1893,48,Female,Paris,129100.0,5187.25,247.01,21,Makeup,0.1,8,17
LUM-1894,51,Male,Dubai,91200.0,3909.19,195.46,20,Haircare,0.16,2,34
LUM-1895,43,Male,Dubai,90000.0,3295.1,113.62,29,Skincare,0.15,21,30
LUM-1896,34,Female,Dubai,55800.0,1971.73,82.16,24,Bath & Body,0.19,33,11
LUM-1897,37,Female,Los Angeles,108600.0,3905.11,162.71,24,Makeup,0.18,3,9
LUM-1898,49,Female,London,97200.0,3625.23,164.78,22,Makeup,0.24,105,58
LUM-1899,27,Female,Paris,52700.0,2810.69,122.2,23,Skincare,0.46,137,18
LUM-1900,40,Female,Los Angeles,71300.0,3295.54,99.86,33,Skincare,0.22,27,28
LUM-1901,31,Female,Dubai,79400.0,3141.53,184.8,17,Fragrance,0.43,104,37
LUM-1902,36,Female,Dubai,71300.0,3085.28,205.69,15,Bath & Body,0.16,6,19
LUM-1903,50,Non-Binary,London,37300.0,1601.99,267.0,6,Skincare,0.45,1,25
LUM-1904,38,Female,Paris,109500.0,4441.78,211.51,21,Makeup,0.32,1,10
LUM-1905,36,Female,New York,76500.0,2836.07,218.16,13,Makeup,0.08,30,4
LUM-1906,21,Female,Los Angeles,85500.0,3717.58,185.88,20,Haircare,0.08,2,33
LUM-1907,44,Female,London,64800.0,2513.09,251.31,10,Skincare,0.07,111,59
LUM-1908,43,Female,Paris,101600.0,4297.77,186.86,23,Fragrance,0.3,5,54
LUM-1909,59,Female,Los Angeles,92000.0,3591.77,224.49,16,Bath & Body,0.19,12,59
LUM-1910,32,Female,Dubai,127400.0,4721.98,236.1,20,Fragrance,0.14,60,34
LUM-1911,38,Female,Paris,101800.0,4546.9,239.31,19,Makeup,0.2,8,31
LUM-1912,38,Non-Binary,Paris,77900.0,3279.58,142.59,23,Fragrance,0.31,9,5
LUM-1913,53,Male,Milan,59100.0,2471.85,95.07,26,Makeup,0.28,35,10
LUM-1914,34,Female,Paris,115300.0,4762.95,108.25,44,Makeup,0.26,11,4
LUM-1915,39,Female,New York,75100.0,2726.5,90.88,30,Makeup,0.44,8,33
LUM-1916,42,Female,Paris,79000.0,3597.06,97.22,37,Makeup,0.58,10,53
LUM-1917,38,Female,New York,79000.0,3223.17,111.14,29,Makeup,0.46,23,51
LUM-1918,31,Female,Dubai,70900.0,3161.74,137.47,23,Haircare,0.21,118,39
LUM-1919,38,Female,New York,79600.0,2821.64,176.35,16,Fragrance,0.16,62,22
LUM-1920,47,Female,Los Angeles,152400.0,5719.27,204.26,28,Haircare,0.04,11,31
LUM-1921,24,Female,Dubai,48300.0,2191.87,115.36,19,Haircare,0.37,15,19
LUM-1922,37,Female,Dubai,56500.0,2786.59,199.04,14,Skincare,0.08,21,12
LUM-1923,28,Non-Binary,New York,133500.0,5376.62,199.13,27,Skincare,0.63,135,43
LUM-1924,49,Male,London,71900.0,2898.76,170.52,17,Skincare,0.21,6,24
LUM-1925,19,Male,Tokyo,69200.0,3017.38,232.11,13,Bath & Body,0.47,15,8
LUM-1926,29,Female,Paris,121200.0,5118.97,106.65,48,Skincare,0.19,45,45
LUM-1927,40,Male,Milan,35300.0,1675.5,111.7,15,Fragrance,0.57,116,36
LUM-1928,53,Female,Tokyo,113800.0,4390.34,151.39,29,Haircare,0.05,5,33
LUM-1929,35,Male,Paris,86600.0,2964.09,102.21,29,Fragrance,0.2,9,57
LUM-1930,29,Female,Paris,101300.0,3961.78,180.08,22,Skincare,0.64,8,14
LUM-1931,56,Male,Dubai,100600.0,3499.11,145.8,24,Bath & Body,0.2,1,14
LUM-1932,20,Female,Paris,63000.0,2670.7,127.18,21,Bath & Body,0.52,32,18
LUM-1933,18,Male,Milan,121800.0,5059.44,109.99,46,Haircare,0.06,38,27
LUM-1934,40,Male,Paris,65700.0,2163.61,135.23,16,Fragrance,0.22,32,24
LUM-1935,30,Female,New York,99300.0,4345.76,181.07,24,Makeup,0.45,2,29
LUM-1936,24,Female,Tokyo,128300.0,4891.43,181.16,27,Fragrance,0.25,2,26
LUM-1937,43,Non-Binary,New York,133300.0,5157.35,107.44,48,Skincare,0.2,8,14
LUM-1938,38,Female,Milan,75700.0,2998.77,99.96,30,Makeup,0.41,12,55
LUM-1939,29,Male,Paris,101200.0,3528.03,84.0,42,Bath & Body,0.17,54,20
LUM-1940,21,Female,Los Angeles,72400.0,2799.1,82.33,34,Haircare,0.17,6,47
LUM-1941,45,Female,Milan,172600.0,6795.741250000001,231.3,31,Haircare,0.2,1,49
LUM-1942,43,Female,Dubai,112300.0,4101.69,87.27,47,Bath & Body,0.07,17,18
LUM-1943,34,Female,New York,87900.0,3099.94,206.66,15,Skincare,0.16,18,6
LUM-1944,56,Male,New York,95900.0,3898.89,229.35,17,Bath & Body,0.22,20,14
LUM-1945,24,Female,London,99200.0,3946.27,96.25,41,Skincare,0.28,61,51
LUM-1946,19,Female,Paris,100300.0,3913.5,156.54,25,Makeup,0.3,3,35
LUM-1947,28,Female,Dubai,76600.0,3185.33,245.03,13,Bath & Body,0.17,42,24
LUM-1948,35,Female,Los Angeles,71200.0,3185.26,227.52,14,Skincare,0.16,14,20
LUM-1949,38,Male,New York,79700.0,3113.35,163.86,19,Makeup,0.4,12,56
LUM-1950,33,Non-Binary,New York,45100.0,2136.82,213.68,10,Bath & Body,0.25,94,50
LUM-1951,39,Female,Dubai,110100.0,4660.66,221.94,21,Haircare,0.13,9,35
LUM-1952,22,Male,Milan,56900.0,2192.91,137.06,16,Bath & Body,0.14,36,29
LUM-1953,51,Male,Milan,47900.0,1479.85,246.64,6,Fragrance,0.56,11,44
LUM-1954,35,Female,Paris,84500.0,3658.74,159.08,23,Bath & Body,0.26,24,21
LUM-1955,48,Non-Binary,London,80400.0,4064.89,169.37,24,Fragrance,0.05,54,50
LUM-1956,39,Female,New York,93700.0,3777.29,251.82,15,Makeup,0.15,74,16
LUM-1957,41,Female,London,65100.0,2839.08,218.39,13,Bath & Body,0.31,63,27
LUM-1958,42,Male,Milan,71300.0,2906.76,138.42,21,Makeup,0.24,30,36
LUM-1959,40,Female,Milan,109200.0,4798.42,99.97,48,Makeup,0.22,10,26
LUM-1960,43,Male,Tokyo,107100.0,4225.17,183.7,23,Skincare,0.64,37,40
LUM-1961,50,Male,Los Angeles,105600.0,4140.03,197.14,21,Makeup,0.53,43,56
LUM-1962,38,Female,Paris,86200.0,3790.26,189.51,20,Makeup,0.48,1,25
LUM-1963,43,Male,Tokyo,90900.0,3536.22,252.59,14,Bath & Body,0.27,20,7
LUM-1964,35,Female,Los Angeles,93100.0,3373.09,224.87,15,Bath & Body,0.23,64,46
LUM-1965,51,Female,Tokyo,62000.0,2934.69,154.46,19,Haircare,0.06,23,38
LUM-1966,28,Female,Tokyo,136600.0,5103.54,106.32,48,Skincare,0.01,13,56
LUM-1967,55,Male,Paris,131600.0,4813.36,160.45,30,Makeup,0.17,71,26
LUM-1968,35,Female,Paris,112800.0,5078.01,195.31,26,Skincare,0.37,5,38
LUM-1969,20,Female,Dubai,70100.0,2899.92,181.24,16,Fragrance,0.22,8,7
LUM-1970,37,Female,London,103900.0,4284.77,171.39,25,Makeup,0.15,40,41
LUM-1971,28,Male,London,119200.0,4680.86,161.41,29,Skincare,0.54,15,8
LUM-1972,45,Female,Dubai,42200.0,1711.1,131.62,13,Haircare,0.25,43,47
LUM-1973,28,Female,Dubai,144300.0,5757.33,127.94,45,Haircare,0.41,6,38
LUM-1974,31,Female,Milan,24100.0,1437.87,159.76,9,Makeup,0.09,10,47
LUM-1975,18,Female,Los Angeles,109700.0,4141.69,106.2,39,Fragrance,0.08,5,6
LUM-1976,31,Male,Tokyo,135900.0,5386.46,138.11,39,Haircare,0.19,106,12
LUM-1977,18,Female,Dubai,81000.0,3180.71,132.53,24,Haircare,0.36,18,54
LUM-1978,18,Female,New York,79700.0,2958.15,184.88,16,Fragrance,0.21,14,3
LUM-1979,44,Non-Binary,London,108400.0,3932.3,91.45,43,Skincare,0.31,1,23
LUM-1980,44,Female,Dubai,149800.0,5824.02,224.0,26,Haircare,0.5,5,42
LUM-1981,40,Non-Binary,New York,75200.0,3017.18,177.48,17,Bath & Body,0.27,19,41
LUM-1982,25,Female,New York,57700.0,2970.01,198.0,15,Haircare,0.62,2,39
LUM-1983,35,Male,New York,70200.0,2944.11,196.27,15,Skincare,0.12,25,5
LUM-1984,35,Female,Milan,30700.0,1338.94,133.89,10,Skincare,0.14,21,49
LUM-1985,23,Female,Milan,116400.0,4621.35,159.36,29,Makeup,0.3,51,33
LUM-1986,52,Male,New York,67000.0,2456.72,245.67,10,Bath & Body,0.47,37,29
LUM-1987,45,Male,Los Angeles,77700.0,3194.26,212.95,15,Skincare,0.54,20,19
LUM-1988,33,Male,Milan,116800.0,4683.75,246.51,19,Fragrance,0.17,8,25
LUM-1989,36,Female,Tokyo,71800.0,3071.7,204.78,15,Bath & Body,0.49,45,15
LUM-1990,38,Male,New York,111600.0,4796.84,109.02,44,Bath & Body,0.13,43,49
LUM-1991,18,Male,Tokyo,48700.0,2983.76,90.42,33,Fragrance,0.61,5,29
LUM-1992,33,Female,Tokyo,118600.0,4852.42,179.72,27,Haircare,0.08,86,53
LUM-1993,28,Male,New York,97000.0,4248.64,141.62,30,Fragrance,0.53,2,22
LUM-1994,24,Male,London,81900.0,4129.54,125.14,33,Fragrance,0.23,1,48
LUM-1995,32,Female,Los Angeles,89600.0,3334.13,222.28,15,Haircare,0.41,7,55
LUM-1996,55,Female,New York,40000.0,1939.19,138.51,14,Haircare,0.06,84,15
LUM-1997,43,Female,New York,88800.0,3464.6,133.25,26,Haircare,0.23,25,46
LUM-1998,29,Female,Milan,80000.0,3552.8,222.05,16,Haircare,0.36,54,26
LUM-1999,42,Female,New York,40900.0,2012.99,223.67,9,Haircare,0.4,9,57
LUM-2000,51,Female,London,61500.0,2406.97,141.59,17,Fragrance,0.14,23,43
LUM-2001,46,Female,Milan,80500.0,3320.78,221.39,15,Makeup,0.11,15,5
LUM-2002,36,Female,Paris,63700.0,3043.58,217.4,14,Makeup,0.09,61,45
LUM-2003,28,Female,Paris,22000.0,878.88,146.48,6,Skincare,0.09,1,12
LUM-2004,43,Male,Tokyo,122700.0,4555.3,94.9,48,Makeup,0.05,9,3
LUM-2005,40,Male,Los Angeles,80000.0,3015.82,79.36,38,Makeup,0.35,5,51
LUM-2006,45,Female,Tokyo,22000.0,1367.92,170.99,8,Fragrance,0.28,68,15
LUM-2007,42,Non-Binary,London,159700.0,6461.65,137.48,47,Haircare,0.22,22,16
LUM-2008,47,Female,Dubai,128400.0,4391.08,243.95,18,Haircare,0.1,18,35
LUM-2009,30,Female,Los Angeles,72800.0,3076.32,205.09,15,Fragrance,0.49,20,4
LUM-2010,50,Female,Paris,55500.0,2165.23,216.52,10,Makeup,0.25,125,4
LUM-2011,38,Female,Tokyo,99100.0,4270.12,237.23,18,Fragrance,0.34,66,41
LUM-2012,58,Male,Paris,92100.0,3652.41,228.28,16,Skincare,0.26,42,43
LUM-2013,28,Female,London,104000.0,4179.2,134.81,31,Haircare,0.31,12,58
LUM-2014,55,Female,London,55600.0,2445.6,106.33,23,Bath & Body,0.15,6,33
LUM-2015,38,Female,Dubai,123400.0,5156.27,206.25,25,Skincare,0.22,89,6
LUM-2016,28,Female,Dubai,68400.0,3508.59,146.19,24,Skincare,0.39,19,36
LUM-2017,30,Female,Milan,108800.0,3967.6,158.7,25,Fragrance,0.23,11,21
LUM-2018,32,Female,Los Angeles,57100.0,2212.73,184.39,12,Makeup,0.29,22,39
LUM-2019,40,Female,London,177700.0,6795.741250000001,235.03,29,Haircare,0.28,87,11
LUM-2020,41,Male,Tokyo,109300.0,4080.58,151.13,27,Bath & Body,0.08,17,26
LUM-2021,29,Male,Paris,178362.5,6795.741250000001,214.31,34,Skincare,0.14,28,15
LUM-2022,35,Female,New York,114000.0,4818.24,126.8,38,Bath & Body,0.31,56,46
LUM-2023,59,Male,Dubai,65300.0,2621.53,201.66,13,Makeup,0.03,19,32
LUM-2024,55,Female,New York,114000.0,4260.94,88.77,48,Makeup,0.39,9,21
LUM-2025,40,Female,Tokyo,116500.0,4495.07,224.75,20,Bath & Body,0.45,180,43
LUM-2026,36,Female,Dubai,98100.0,3964.71,84.36,47,Haircare,0.63,109,12
LUM-2027,37,Female,New York,107100.0,4342.95,197.41,22,Makeup,0.47,64,53
LUM-2028,42,Non-Binary,Los Angeles,111700.0,3733.65,88.9,42,Bath & Body,0.02,40,44
LUM-2029,24,Female,Tokyo,50200.0,1966.76,122.92,16,Skincare,0.23,12,46
LUM-2030,33,Female,Paris,47700.0,2048.27,170.69,12,Bath & Body,0.28,85,16
LUM-2031,18,Female,Los Angeles,57200.0,2262.9,150.86,15,Bath & Body,0.33,11,42
LUM-2032,40,Female,Tokyo,89500.0,2773.09,110.92,25,Fragrance,0.11,56,50
LUM-2033,43,Male,Milan,77200.0,2635.49,138.71,19,Makeup,0.34,87,51
LUM-2034,30,Female,Dubai,50900.0,1889.89,209.99,9,Haircare,0.07,32,22
LUM-2035,53,Female,London,112100.0,4388.91,190.82,23,Haircare,0.25,56,6
LUM-2036,22,Female,Paris,94900.0,3690.64,92.27,40,Fragrance,0.05,54,40
LUM-2037,19,Female,Los Angeles,90900.0,3492.03,205.41,17,Haircare,0.23,7,46
LUM-2038,38,Female,Los Angeles,76000.0,3398.95,89.45,38,Bath & Body,0.15,38,52
LUM-2039,47,Female,New York,71800.0,3251.84,171.15,19,Fragrance,0.16,3,41
LUM-2040,54,Female,Dubai,55600.0,2490.98,124.55,20,Skincare,0.32,24,7
LUM-2041,30,Female,London,117700.0,4655.54,179.06,26,Makeup,0.62,6,44
LUM-2042,47,Male,Tokyo,60400.0,2357.0,124.05,19,Makeup,0.27,18,34
LUM-2043,35,Male,London,92300.0,3509.4,250.67,14,Makeup,0.06,62,8
LUM-2044,34,Female,Dubai,143200.0,4999.71,131.57,38,Bath & Body,0.23,152,16
LUM-2045,45,Female,Dubai,73400.0,2993.77,119.75,25,Skincare,0.19,13,8
LUM-2046,43,Female,Milan,118600.0,4886.72,128.6,38,Fragrance,0.15,26,16
LUM-2047,18,Male,Milan,104900.0,4577.8,228.89,20,Fragrance,0.17,25,14
LUM-2048,52,Female,London,95900.0,3783.07,189.15,20,Makeup,0.15,108,29
LUM-2049,51,Female,Tokyo,100100.0,4151.0,207.55,20,Skincare,0.47,22,56
LUM-2050,29,Female,London,81700.0,2502.7,227.52,11,Skincare,0.27,42,28
LUM-2051,40,Female,Dubai,86200.0,3387.12,241.94,14,Skincare,0.09,89,14
LUM-2052,41,Female,Dubai,65800.0,2666.09,205.08,13,Haircare,0.51,16,10
LUM-2053,38,Female,New York,86500.0,3974.85,113.57,35,Haircare,0.23,81,12
LUM-2054,29,Male,Milan,64500.0,2875.38,221.18,13,Makeup,0.68,87,18
LUM-2055,28,Female,New York,120200.0,4855.28,115.6,42,Skincare,0.88,93,54
LUM-2056,35,Female,Paris,25500.0,1525.2,217.89,7,Skincare,0.2,11,28
LUM-2057,48,Female,Dubai,101800.0,4076.63,194.13,21,Fragrance,0.22,17,10
LUM-2058,41,Female,New York,96800.0,4347.71,207.03,21,Fragrance,0.21,71,43
LUM-2059,31,Female,London,93600.0,3084.42,171.36,18,Makeup,0.19,15,47
LUM-2060,44,Female,Milan,120900.0,4775.36,191.01,25,Skincare,0.2,32,31
LUM-2061,18,Female,Milan,75000.0,3463.94,247.42,14,Makeup,0.26,4,22
LUM-2062,48,Male,Tokyo,93900.0,3219.08,97.55,33,Fragrance,0.3,2,19
LUM-2063,18,Female,London,24900.0,1622.88,135.24,12,Fragrance,0.12,18,21
LUM-2064,32,Female,Tokyo,70500.0,2739.15,182.61,15,Haircare,0.06,30,19
LUM-2065,23,Male,New York,115000.0,4557.94,239.89,19,Makeup,0.07,17,41
LUM-2066,21,Female,Los Angeles,38100.0,1599.39,94.08,17,Makeup,0.19,30,3
LUM-2067,48,Female,Paris,90600.0,3958.75,84.23,47,Skincare,0.17,25,54
LUM-2068,30,Female,London,61300.0,2558.99,88.24,29,Skincare,0.3,40,31
LUM-2069,39,Female,London,81100.0,3592.24,89.81,40,Haircare,0.06,36,16
LUM-2070,35,Male,London,63400.0,2849.6,237.47,12,Bath & Body,0.38,19,19
LUM-2071,41,Female,Tokyo,41300.0,1707.36,213.42,8,Bath & Body,0.23,19,15
LUM-2072,36,Male,New York,98500.0,4098.06,195.15,21,Bath & Body,0.18,5,31
LUM-2073,21,Male,London,83300.0,3216.43,169.29,19,Makeup,0.07,25,36
LUM-2074,46,Female,Los Angeles,106400.0,4243.24,212.16,20,Makeup,0.4,30,29
LUM-2075,30,Male,London,112800.0,4356.02,106.24,41,Fragrance,0.03,22,48
LUM-2076,18,Female,Milan,127900.0,5246.47,145.74,36,Makeup,0.18,13,35
LUM-2077,31,Non-Binary,Paris,89700.0,3801.6,165.29,23,Makeup,0.15,44,31
LUM-2078,52,Female,Milan,129400.0,5019.78,104.58,48,Makeup,0.33,2,39
LUM-2079,45,Female,Milan,50800.0,2072.29,148.02,14,Haircare,0.62,86,41
LUM-2080,32,Female,Paris,116800.0,4207.3,135.72,31,Makeup,0.48,1,21
LUM-2081,32,Female,Los Angeles,101100.0,4079.2,86.79,47,Skincare,0.25,114,48
LUM-2082,32,Female,New York,93200.0,3572.31,102.07,35,Skincare,0.05,21,26
LUM-2083,58,Female,Milan,100600.0,3457.6,216.1,16,Fragrance,0.46,18,16
LUM-2084,40,Female,New York,51400.0,1899.99,82.61,23,Haircare,0.09,10,49
LUM-2085,40,Female,Milan,43100.0,2496.26,249.63,10,Skincare,0.41,1,39
LUM-2086,47,Female,Dubai,144800.0,5370.01,111.88,48,Haircare,0.4,11,7
LUM-2087,38,Female,Paris,79100.0,3593.15,211.36,17,Haircare,0.32,4,55
LUM-2088,33,Non-Binary,Milan,78600.0,3144.01,224.57,14,Fragrance,0.15,37,26
LUM-2089,33,Male,Dubai,46400.0,2495.87,249.59,10,Haircare,0.18,13,36
LUM-2090,35,Non-Binary,Tokyo,33100.0,2008.65,223.18,9,Makeup,0.46,51,52
LUM-2091,35,Female,Dubai,81900.0,3118.79,129.95,24,Haircare,0.15,8,33
LUM-2092,44,Female,London,73000.0,2458.61,136.59,18,Fragrance,0.17,80,32
LUM-2093,36,Female,Milan,85100.0,2907.5,153.03,19,Fragrance,0.07,25,58
LUM-2094,44,Male,Dubai,88100.0,3340.9,104.4,32,Fragrance,0.38,4,11
LUM-2095,35,Female,New York,172100.0,6795.741250000001,147.72,48,Skincare,0.25,17,29
LUM-2096,36,Female,Tokyo,73100.0,2935.33,225.79,13,Makeup,0.62,8,30
LUM-2097,18,Female,Los Angeles,140300.0,5454.07,175.94,31,Skincare,0.5,7,44
LUM-2098,46,Non-Binary,Milan,142500.0,5878.5,183.7,32,Bath & Body,0.08,24,28
LUM-2099,39,Female,London,111400.0,4432.1,233.27,19,Makeup,0.09,39,20
LUM-2100,46,Female,Los Angeles,76800.0,3210.77,188.87,17,Haircare,0.32,84,38
LUM-2101,18,Female,Dubai,37300.0,1992.3,199.23,10,Fragrance,0.18,24,10
LUM-2102,58,Female,Los Angeles,101700.0,4146.19,218.22,19,Bath & Body,0.52,118,20
LUM-2103,34,Female,Los Angeles,120700.0,4694.66,99.89,47,Makeup,0.22,99,22
LUM-2104,48,Female,Tokyo,146200.0,5400.57,142.12,38,Skincare,0.14,70,34
LUM-2105,24,Female,Los Angeles,51800.0,2336.55,233.66,10,Fragrance,0.04,24,31
LUM-2106,42,Male,Los Angeles,76500.0,3505.82,233.72,15,Skincare,0.21,5,51
LUM-2107,24,Female,Milan,52000.0,2854.6,237.88,12,Makeup,0.19,8,50
LUM-2108,29,Male,Tokyo,62800.0,2785.68,154.76,18,Makeup,0.34,36,20
LUM-2109,57,Male,London,108300.0,4517.05,225.85,20,Bath & Body,0.26,19,9
LUM-2110,33,Female,Dubai,61200.0,2722.92,87.84,31,Haircare,0.18,5,3
LUM-2111,38,Female,Tokyo,56200.0,2440.8,106.12,23,Skincare,0.23,22,30
LUM-2112,45,Female,Tokyo,112900.0,4605.78,148.57,31,Bath & Body,0.55,1,35
LUM-2113,41,Male,Paris,100800.0,4384.8,162.4,27,Fragrance,0.35,46,52
LUM-2114,37,Female,Tokyo,97300.0,3639.59,125.5,29,Haircare,0.53,2,6
LUM-2115,40,Female,Paris,62100.0,2238.08,139.88,16,Bath & Body,0.25,34,57
LUM-2116,62,Female,Dubai,130300.0,4900.6,106.53,46,Skincare,0.53,55,22
LUM-2117,35,Female,Los Angeles,85500.0,3556.0,161.64,22,Makeup,0.22,4,55
LUM-2118,38,Female,Milan,168300.0,6651.46,214.56,31,Fragrance,0.18,25,54
LUM-2119,47,Female,Milan,90600.0,3374.15,187.45,18,Skincare,0.07,52,38
LUM-2120,48,Male,Dubai,22000.0,523.43,104.69,5,Haircare,0.32,10,59
LUM-2121,49,Female,Dubai,22000.0,1117.17,159.6,7,Haircare,0.05,6,33
LUM-2122,43,Female,New York,106800.0,4179.83,199.04,21,Makeup,0.62,14,40
LUM-2123,23,Female,Los Angeles,130500.0,4718.82,168.53,28,Makeup,0.17,28,30
LUM-2124,53,Female,Dubai,57600.0,2289.17,143.07,16,Fragrance,0.5,29,5
LUM-2125,23,Female,Tokyo,158500.0,6307.69,185.52,34,Fragrance,0.1,4,8
LUM-2126,39,Male,Milan,143200.0,5535.44,240.67,23,Makeup,0.36,21,47
LUM-2127,27,Female,London,92400.0,3837.69,95.94,40,Makeup,0.3,10,25
LUM-2128,35,Female,Milan,103900.0,4029.8,143.92,28,Haircare,0.37,64,9
LUM-2129,39,Female,Paris,116300.0,4344.27,149.8,29,Makeup,0.41,13,58
LUM-2130,39,Female,Milan,151100.0,5679.63,177.49,32,Bath & Body,0.43,63,38
LUM-2131,40,Female,New York,108900.0,4461.16,106.22,42,Skincare,0.21,19,3
LUM-2132,53,Female,Los Angeles,91600.0,3258.6,108.62,30,Makeup,0.08,45,8
LUM-2133,40,Male,Dubai,108500.0,4792.55,129.53,37,Fragrance,0.18,24,26
LUM-2134,33,Female,Los Angeles,103800.0,4305.46,239.19,18,Bath & Body,0.55,34,39
LUM-2135,46,Female,Dubai,117400.0,4448.24,202.19,22,Fragrance,0.3,17,47
LUM-2136,49,Female,Milan,30000.0,1794.02,199.34,9,Bath & Body,0.34,51,53
LUM-2137,22,Female,London,96100.0,4230.2,222.64,19,Makeup,0.08,19,38
LUM-2138,42,Female,London,101100.0,3939.4,101.01,39,Skincare,0.38,21,26
LUM-2139,43,Female,New York,82500.0,3322.52,221.5,15,Fragrance,0.08,25,40
LUM-2140,32,Female,Paris,112400.0,4882.04,180.82,27,Bath & Body,0.35,62,47
LUM-2141,51,Female,Milan,152200.0,6462.69,137.5,47,Haircare,0.25,37,31
LUM-2142,34,Female,Dubai,89800.0,3651.83,214.81,17,Makeup,0.47,15,39
LUM-2143,37,Female,Milan,109200.0,3974.54,220.81,18,Skincare,0.37,38,47
LUM-2144,34,Female,New York,141200.0,5300.82,220.87,24,Makeup,0.17,35,34
LUM-2145,36,Female,Tokyo,90700.0,3984.4,99.61,40,Haircare,0.3,93,27
LUM-2146,23,Non-Binary,Tokyo,53900.0,2077.44,259.68,8,Skincare,0.67,64,12
LUM-2147,20,Female,New York,106600.0,4168.52,245.21,17,Haircare,0.29,36,37
LUM-2148,53,Female,Dubai,22000.0,1357.78,135.78,10,Makeup,0.59,14,57
LUM-2149,26,Female,Los Angeles,22000.0,993.19,90.29,11,Bath & Body,0.14,52,27
LUM-2150,25,Male,New York,96700.0,4213.43,108.04,39,Makeup,0.21,29,29
LUM-2151,18,Male,Dubai,22000.0,1478.19,246.36,6,Makeup,0.11,147,47
LUM-2152,28,Female,London,39000.0,2467.86,176.28,14,Makeup,0.04,9,34
LUM-2153,21,Non-Binary,New York,71700.0,3243.94,141.04,23,Fragrance,0.11,2,14
LUM-2154,54,Female,Dubai,59800.0,2304.73,128.04,18,Haircare,0.27,2,6
LUM-2155,47,Female,New York,79800.0,3452.11,123.29,28,Haircare,0.13,35,44
LUM-2156,28,Male,New York,124000.0,5136.41,190.24,27,Haircare,0.11,98,28
LUM-2157,60,Male,Los Angeles,93300.0,4077.34,151.01,27,Fragrance,0.16,1,5
LUM-2158,46,Female,Los Angeles,55600.0,2212.95,245.88,9,Bath & Body,0.33,45,19
LUM-2159,32,Female,Dubai,132400.0,4865.1,194.6,25,Makeup,0.28,37,11
LUM-2160,18,Female,Dubai,35000.0,1383.11,230.52,6,Bath & Body,0.34,46,31
LUM-2161,61,Female,Paris,92800.0,4229.42,128.16,33,Fragrance,0.32,15,3
LUM-2162,20,Male,New York,31100.0,1775.36,93.44,19,Haircare,0.15,60,20
LUM-2163,18,Female,Tokyo,93800.0,3536.63,160.76,22,Makeup,0.63,1,43
LUM-2164,47,Female,New York,73800.0,3121.16,135.7,23,Skincare,0.35,49,55
LUM-2165,62,Female,New York,122900.0,4764.39,113.44,42,Skincare,0.36,10,22
LUM-2166,51,Female,Dubai,110200.0,4065.23,239.13,17,Bath & Body,0.29,22,59
LUM-2167,42,Female,New York,64500.0,2768.36,153.8,18,Haircare,0.06,60,43
LUM-2168,42,Female,Milan,57700.0,2576.71,112.03,23,Skincare,0.09,11,36
LUM-2169,45,Non-Binary,New York,74000.0,3669.38,114.67,32,Bath & Body,0.07,7,53
LUM-2170,44,Male,Milan,150600.0,5574.29,126.69,44,Fragrance,0.37,40,30
LUM-2171,39,Female,Los Angeles,141700.0,4946.68,247.33,20,Bath & Body,0.16,26,50
LUM-2172,37,Male,Tokyo,51100.0,1973.81,123.36,16,Bath & Body,0.48,25,37
LUM-2173,35,Male,Dubai,113000.0,4187.21,135.07,31,Bath & Body,0.27,10,18
LUM-2174,27,Male,New York,24400.0,1225.92,204.32,6,Makeup,0.09,1,23
LUM-2175,32,Female,Milan,69300.0,2611.55,130.58,20,Bath & Body,0.19,18,15
LUM-2176,18,Female,Milan,52500.0,2584.14,117.46,22,Bath & Body,0.29,3,37
LUM-2177,34,Female,Los Angeles,122400.0,4449.19,105.93,42,Makeup,0.04,82,44
LUM-2178,25,Female,Milan,39800.0,1899.01,135.64,14,Makeup,0.21,1,56
LUM-2179,23,Female,London,100000.0,4600.06,97.87,47,Fragrance,0.28,19,34
LUM-2180,37,Female,Paris,85000.0,3641.07,82.75,44,Haircare,0.45,1,52
LUM-2181,51,Female,Tokyo,78900.0,3396.73,212.3,16,Skincare,0.41,3,40
LUM-2182,46,Male,Los Angeles,143500.0,6079.69,126.66,48,Skincare,0.24,37,8
LUM-2183,18,Female,Los Angeles,146600.0,6004.69,214.45,28,Bath & Body,0.24,36,52
LUM-2184,25,Female,New York,79900.0,3466.04,216.63,16,Fragrance,0.34,1,40
LUM-2185,46,Non-Binary,London,72900.0,2958.28,174.02,17,Bath & Body,0.3,1,40
LUM-2186,25,Male,New York,32300.0,1623.69,135.31,12,Skincare,0.44,2,56
LUM-2187,33,Male,New York,84900.0,3450.11,104.55,33,Makeup,0.48,50,15
LUM-2188,42,Non-Binary,Dubai,153400.0,5748.57,205.31,28,Haircare,0.53,30,48
LUM-2189,25,Female,Dubai,80500.0,3381.11,177.95,19,Fragrance,0.56,1,55
LUM-2190,37,Non-Binary,Dubai,110500.0,4472.72,194.47,23,Makeup,0.53,23,41
LUM-2191,21,Female,London,36100.0,1390.11,81.77,17,Haircare,0.48,43,15
LUM-2192,29,Female,New York,69800.0,3432.61,245.19,14,Fragrance,0.13,71,49
LUM-2193,39,Female,Paris,101200.0,4164.94,90.54,46,Fragrance,0.26,95,14
LUM-2194,18,Female,Tokyo,88700.0,3525.67,141.03,25,Skincare,0.29,13,55
LUM-2195,40,Female,Dubai,113900.0,4552.85,146.87,31,Makeup,0.25,5,35
LUM-2196,35,Female,Dubai,63900.0,3015.61,79.36,38,Fragrance,0.33,9,30
LUM-2197,42,Male,Los Angeles,23800.0,892.99,178.6,5,Fragrance,0.09,52,59
LUM-2198,38,Female,New York,124300.0,4818.98,209.52,23,Haircare,0.36,124,5
LUM-2199,51,Female,New York,52200.0,1971.24,219.03,9,Skincare,0.11,21,20
